score	address	name	body_bytes	evidence	reviewed	compat_modeled	default_name	product_string_count	business_neighbor_count	callers	callees	example_string	file
316	103d896c	dt_button	2528	product_name,product_string,focus_export,semantic_review,compat_trace	1	1	0	17	19	0	46	[AUDIO_CTRL] AI button released, no active chat stream or voice memo - no action\n	functions/103d896c_dt_button.c
315	103d809c	dt_audio_event_callback	1580	product_name,product_string,focus_export,semantic_review	1	0	0	16	21	10	25	[AI KEY OPTION], val: %d \n	functions/103d809c_dt_audio_event_callback.c
306	103ccb58	dtiot_ble_bind_on_request_connect_device	1002	product_name,product_string,focus_export,semantic_review,compat_trace	1	1	0	6	8	1	24	cap_aikey_option	functions/103ccb58_dtiot_ble_bind_on_request_connect_device.c
305	103c8290	dt_wifi_create_ap	318	product_name,product_string,focus_export,semantic_review,compat_trace	1	1	0	4	10	2	13	dt_wifi_create_ap	functions/103c8290_dt_wifi_create_ap.c
305	103e2fb4	dt_hid_packet_thread_init	468	product_name,product_string,focus_export,semantic_review	1	0	0	6	8	1	22	[DT_HID] Failed to initialize ADB thread	functions/103e2fb4_dt_hid_packet_thread_init.c
302	103cd7c8	dtiot_ble_gray_switch_get_response	964	product_name,product_string,focus_export,semantic_review,compat_trace	1	1	0	6	7	1	23	 gray switch:  persist.dt.remark %d!\n	functions/103cd7c8_dtiot_ble_gray_switch_get_response.c
291	103d5b58	dt_frame_header_reset	1062	product_name,product_string,focus_export,semantic_review	1	0	0	2	12	2	16	[AUDIO] Voice memo recording mode - file creation skipped\n	functions/103d5b58_dt_frame_header_reset.c
290	103d49b4	dt_audio_start_voice_memo	762	product_name,product_string,focus_export,semantic_review	1	0	0	26	4	1	15	/emmc/audio	functions/103d49b4_dt_audio_start_voice_memo.c
289	103c58f8	dt_dbgserial_init	452	product_name,product_string,focus_export	0	0	0	2	18	1	36	dtiot_hal_os_init failed again!...ignore..\n	functions/103c58f8_dt_dbgserial_init.c
289	103cc950	audio_status	438	product_name,product_string,focus_export,semantic_review,compat_trace	1	1	0	2	10	1	19	dtiot_ble_bind_on_request_sync_device_status	functions/103cc950_audio_status.c
289	103cf9e8	dtiot_product_info_check	436	product_name,product_string,focus_export,semantic_review	1	0	0	19	4	0	7	dtiot_device, bind_method failed.\n	functions/103cf9e8_dtiot_product_info_check.c
289	103d4d40	dt_audio_stop_voice_memo	426	product_name,product_string,focus_export,semantic_review	1	0	0	7	4	1	10	[VOICE_MEMO] Flushing remaining cache data: %zu bytes\n	functions/103d4d40_dt_audio_stop_voice_memo.c
288	103e95a4	dtiot_hal_os_flash_write	186	product_name,product_string,focus_export,semantic_review	1	0	0	6	4	3	2	%s ERROR: Data too large for DTIOT section (%d > %d)\r\n	functions/103e95a4_dtiot_hal_os_flash_write.c
288	103e968c	dtiot_hal_os_flash_read	192	product_name,product_string,focus_export,semantic_review	1	0	0	6	4	3	2	%s ERROR: Failed to read dtiot data from factory section at offset %d\r\n	functions/103e968c_dtiot_hal_os_flash_read.c
286	103cd098	dtiot_ble_bind_on_request_open_ap	844	product_name,product_string,focus_export,semantic_review,compat_trace	1	1	0	3	7	1	22	DingTalkA1_%s	functions/103cd098_dtiot_ble_bind_on_request_open_ap.c
285	103d435c	flush_voice_memo_cache_to_file	372	product_name,product_string,focus_export,semantic_review,compat_trace	1	1	0	5	3	2	5	[VOICE_MEMO] Cache flushed: %zu bytes written, total length: %u, duration: %u seconds\n	functions/103d435c_flush_voice_memo_cache_to_file.c
284	103c3f08	dt_dbgserial	2736	product_name,product_string,focus_export	0	0	0	1	35	1	77	/emmc/audio	functions/103c3f08_dt_dbgserial.c
283	103d9c00	dt_check_remark_switch	68	product_name,product_string,focus_export,semantic_review	1	0	0	5	3	1	3	dt_check_remark_switch	functions/103d9c00_dt_check_remark_switch.c
282	103cb13c	dtiot_ble_bind_auth	782	product_name,product_string,focus_export,semantic_review	1	0	0	3	6	1	19	--------dtiot_sec_state = BLE_BIND_SEC_STATE_AUTH_PASS----------	functions/103cb13c_dtiot_ble_bind_auth.c
282	103ce7b8	dtiot_ble_recv_data	688	product_name,product_string,focus_export,semantic_review,compat_trace	1	1	0	1	30	0	31	dtiot_ble_recv_data	functions/103ce7b8_dtiot_ble_recv_data.c
281	103e9fc4	dtiot_hal_os_recovery	414	product_name,product_string,focus_export,semantic_review	1	0	0	8	2	3	9	  DTIOT erase: %s\r\n	functions/103e9fc4_dtiot_hal_os_recovery.c
280	103ca120	dtiot_ble_send_response	130	product_name,product_string,focus_export,semantic_review,compat_trace	1	1	0	1	15	14	4	dtiot_ble_send_response	functions/103ca120_dtiot_ble_send_response.c
280	103ca240	dtiot_ble_bind_connect_did_check	144	product_name,product_string,focus_export,semantic_review,compat_trace	1	1	0	1	17	16	3	dtiot_ble_bind_connect_did_check	functions/103ca240_dtiot_ble_bind_connect_did_check.c
280	103ca34c	dtiot_ble_send_response_code	156	product_name,product_string,focus_export,semantic_review,compat_trace	1	1	0	1	32	31	8	dtiot_ble_send_response_code	functions/103ca34c_dtiot_ble_send_response_code.c
280	103d4f38	dt_audio_delete_voice_memo_file	148	product_name,product_string,focus_export,semantic_review	1	0	0	7	2	1	6	/emmc/audio/00000000000000	functions/103d4f38_dt_audio_delete_voice_memo_file.c
280	103e2c64	dt_hid_adb_thread_entry	180	product_name,product_string,focus_export,semantic_review	1	0	0	8	2	0	8	[DT_HID] ADB daemon started	functions/103e2c64_dt_hid_adb_thread_entry.c
279	103cdc30	dtiot_ble_bind_on_schedule_recording	1146	product_name,product_string,focus_export,semantic_review,compat_trace	1	1	0	2	7	1	24	dtiot_ble_bind_on_schedule_recording	functions/103cdc30_dtiot_ble_bind_on_schedule_recording.c
278	103cc040	dtiot_ble_bind_on_audio_request	930	product_name,product_string,focus_export,semantic_review,compat_trace	1	1	0	3	5	1	11	dtiot_ble_bind_on_audio_request	functions/103cc040_dtiot_ble_bind_on_audio_request.c
277	103cb554	dtiot_ble_bind_get_file_list	408	product_name,product_string,focus_export,semantic_review	1	0	0	2	7	1	10	dtiot_ble_bind_get_file_list	functions/103cb554_dtiot_ble_bind_get_file_list.c
276	103c83fc	dt_wifi_destroy_ap	134	product_name,product_string,focus_export,semantic_review,compat_trace	1	1	0	1	9	3	10	dt_wifi_destroy_ap	functions/103c83fc_dt_wifi_destroy_ap.c
276	103e914c	dtiot_hal_hid_send	166	product_name,product_string,focus_export,semantic_review,compat_trace	1	1	0	6	1	2	7	/dev/dingtalk	functions/103e914c_dtiot_hal_hid_send.c
276	103e9498	dtiot_hal_os_init	132	product_name,product_string,focus_export,semantic_review,compat_trace	1	1	0	2	7	15	5	%s Initialized factory_section dtiot\r\n	functions/103e9498_dtiot_hal_os_init.c
274	103cbb78	dtiot_ble_bind_file_header_send	614	product_name,product_string,focus_export,semantic_review,compat_trace	1	1	0	1	8	1	14	dtiot_ble_bind_file_header_send	functions/103cbb78_dtiot_ble_bind_file_header_send.c
274	103e4bd0	dt_raw_transfer_sync	944	product_name,product_string,focus_export,semantic_review,compat_trace	1	1	0	2	6	1	25	dt_raw_transfer_sync	functions/103e4bd0_dt_raw_transfer_sync.c
273	103cc464	dtiot_ble_bind_on_voiceprint_request	260	product_name,product_string,focus_export,semantic_review,compat_trace	1	1	0	2	6	1	9	[Voiceprint] get BLE_REQUEST_AUDIO_VOICEPRINT_OPT request!\n	functions/103cc464_dtiot_ble_bind_on_voiceprint_request.c
273	103ce138	dtiot_ble_bind_on_app_remark	342	product_name,product_string,focus_export,semantic_review	1	0	0	3	4	1	8	dt_audio_remark_enabled return false\r\n	functions/103ce138_dtiot_ble_bind_on_app_remark.c
272	103ca538	dtiot_ble_send_request	158	product_name,product_string,focus_export,semantic_review,compat_trace	1	1	0	1	8	7	4	dtiot_ble_send_request	functions/103ca538_dtiot_ble_send_request.c
272	103cbf8c	dtiot_ble_recv_response	168	product_name,product_string,focus_export,semantic_review	1	0	0	1	8	1	8	dtiot_ble_recv_response	functions/103cbf8c_dtiot_ble_recv_response.c
270	103cc598	dtiot_ble_bind_on_get_trans_info	848	product_name,product_string,focus_export,semantic_review,compat_trace	1	1	0	2	5	1	25	dtiot_ble_bind_on_get_trans_info	functions/103cc598_dtiot_ble_bind_on_get_trans_info.c
269	103cb888	dtiot_ble_bind_file_sync	344	product_name,product_string,focus_export,semantic_review,compat_trace	1	1	0	1	7	1	10	dtiot_ble_bind_file_sync	functions/103cb888_dtiot_ble_bind_file_sync.c
269	103cd64c	dtiot_ble_bind_on_request_system_control	340	product_name,product_string,focus_export,semantic_review	1	0	0	2	5	1	8	dtiot_ble_bind_on_request_system_control	functions/103cd64c_dtiot_ble_bind_on_request_system_control.c
268	103cba84	dtiot_ble_bind_file_delete	218	product_name,product_string,focus_export,semantic_review	1	0	0	1	7	1	10	dtiot_ble_bind_file_delete	functions/103cba84_dtiot_ble_bind_file_delete.c
268	103cd44c	dtiot_ble_bind_on_request_close_ap	170	product_name,product_string,focus_export,semantic_review	1	0	0	2	5	1	6	dtiot_ble_bind_on_request_close_ap	functions/103cd44c_dtiot_ble_bind_on_request_close_ap.c
268	103d9fac	dt_audio_ble_send_remark	194	product_name,product_string,focus_export,semantic_review	1	0	0	3	3	1	12	dt_audio_ble_send_remark	functions/103d9fac_dt_audio_ble_send_remark.c
268	103e5060	dt_raw_transfer_on_block_response	236	product_name,product_string,focus_export,semantic_review,compat_trace	1	1	0	2	5	1	8	dt_raw_transfer_on_block_response	functions/103e5060_dt_raw_transfer_on_block_response.c
268	103e8ff8	dtiot_hal_hid_deinit	168	product_name,product_string,focus_export,semantic_review	1	0	0	4	1	2	6	dtiot_hal_hid_deinit: HID RX task did not exit gracefully\n	functions/103e8ff8_dtiot_hal_hid_deinit.c
268	103e982c	dtiot_hal_os_get_sn	140	product_name,product_string,focus_export,semantic_review	1	0	0	2	5	6	4	%s WARNING: Not initialized, call dtiot_hal_os_init first\r\n	functions/103e982c_dtiot_hal_os_get_sn.c
267	103e4a10	dt_raw_transfer_init	114	product_name,product_string,focus_export,semantic_review,compat_trace	1	1	0	3	3	1	4	dt_raw_transfer_init	functions/103e4a10_dt_raw_transfer_init.c
266	103c7d84	dt_vibrate_ms_blocking	48	product_name,product_string,focus_export,semantic_review,compat_trace	1	1	0	3	3	3	5	[INFO] [VIBRATE] Duration is 0 or negative, no vibration	functions/103c7d84_dt_vibrate_ms_blocking.c
266	103ca094	dtiot_ble_connect_state_change	60	product_name,product_string,focus_export,semantic_review	1	0	0	4	1	0	1	bind service : DTIOT_BLE_HAL_STATE_CONNECTED\n	functions/103ca094_dtiot_ble_connect_state_change.c
265	103cd510	dtiot_ble_system_control_proc	288	product_name,product_string,focus_export,semantic_review,compat_trace	1	1	0	1	6	1	18	dtiot_ble_system_control_proc	functions/103cd510_dtiot_ble_system_control_proc.c
265	103ce610	dtiot_ble_bind_query_fw_version	356	product_name,product_string,focus_export,semantic_review,compat_trace	1	1	0	1	6	1	17	dtiot_ble_bind_query_fw_version	functions/103ce610_dtiot_ble_bind_query_fw_version.c
264	103ccfc8	dtiot_ble_bind_on_request_disconnect_device	182	product_name,product_string,focus_export,semantic_review,compat_trace	1	1	0	2	4	1	6	dtiot_ble_bind_on_request_disconnect_device	functions/103ccfc8_dtiot_ble_bind_on_request_disconnect_device.c
264	103ce2c0	dtiot_ble_bind_get_advertising_data	244	product_name,product_string,focus_export,semantic_review	1	0	0	1	6	2	8	dtiot_ble_bind_get_advertising_data	functions/103ce2c0_dtiot_ble_bind_get_advertising_data.c
264	103cf188	dtiot_ble_protocol_new_send	156	product_name,product_string,focus_export,semantic_review,compat_trace	1	1	0	3	2	0	5	dtiot_ble_pack_t malloc fail\n	functions/103cf188_dtiot_ble_protocol_new_send.c
264	103e0598	dt_display	2696	product_name,product_string,focus_export,semantic_review,compat_trace	1	1	0	1	5	0	53	persist.dt.aud.incognitomode	functions/103e0598_dt_display.c
264	103e4a9c	dt_raw_transfer_cancel	200	product_name,product_string,focus_export,semantic_review,compat_trace	1	1	0	2	4	1	8	dt_raw_transfer_cancel	functions/103e4a9c_dt_raw_transfer_cancel.c
263	103cec74	dtiot_ble_notify_characteristic_changed	122	product_name,product_string,focus_export,semantic_review,compat_trace	1	1	0	3	2	0	4	dtiot_ble_notify_characteristic_changed	functions/103cec74_dtiot_ble_notify_characteristic_changed.c
262	103cab40	dtiot_ble_bind_get_active_info	660	product_name,product_string,focus_export,semantic_review	1	0	0	1	5	1	22	dtiot_ble_bind_get_active_info	functions/103cab40_dtiot_ble_bind_get_active_info.c
262	103cbf54	dtiot_ble_bind_on_response_stream_pack_send	48	product_name,product_string,focus_export,semantic_review	1	0	0	2	4	1	3	dtiot_ble_bind_on_response_stream_pack_send	functions/103cbf54_dtiot_ble_bind_on_response_stream_pack_send.c
261	103ca86c	dtiot_ble_generate_token_hash	342	product_name,product_string,focus_export,semantic_review,compat_trace	1	1	0	1	5	1	13	dtiot_ble_generate_token_hash	functions/103ca86c_dtiot_ble_generate_token_hash.c
260	103ca3f8	dtiot_ble_gray_switch_control_proc	146	product_name,product_string,focus_export,semantic_review,compat_trace	1	1	0	1	5	1	7	dtiot_ble_gray_switch_control_proc	functions/103ca3f8_dtiot_ble_gray_switch_control_proc.c
260	103cb720	dtiot_ble_response_file_trans	164	product_name,product_string,focus_export,semantic_review	1	0	0	1	5	2	13	dtiot_ble_response_file_trans	functions/103cb720_dtiot_ble_response_file_trans.c
260	103cb7d8	dtiot_ble_response_with_type	160	product_name,product_string,focus_export,semantic_review	1	0	0	1	5	2	11	dtiot_ble_response_with_type	functions/103cb7d8_dtiot_ble_response_with_type.c
260	103cbe58	dtiot_ble_bind_file_block_send	196	product_name,product_string,focus_export,semantic_review,compat_trace	1	1	0	1	5	1	6	dtiot_ble_bind_file_block_send	functions/103cbe58_dtiot_ble_bind_file_block_send.c
260	103dc658	dt_get_device_secret	224	product_name,product_string,focus_export,semantic_review,compat_trace	1	1	0	1	5	2	7	dt_get_device_secret	functions/103dc658_dt_get_device_secret.c
260	103e9b10	dtiot_hal_os_set_mac_by_type	158	product_name,product_string,focus_export,semantic_review	1	0	0	2	3	3	5	%s ERROR: Not initialized, call dtiot_hal_os_init first\r\n	functions/103e9b10_dtiot_hal_os_set_mac_by_type.c
259	103cba0c	dtiot_ble_bind_file_sync_cancle	108	product_name,product_string,focus_export,semantic_review,compat_trace	1	1	0	1	5	1	6	dtiot_ble_bind_file_sync_cancle	functions/103cba0c_dtiot_ble_bind_file_sync_cancle.c
259	103e4b7c	dt_raw_transfer_send_block	68	product_name,product_string,focus_export,semantic_review	1	0	0	1	5	2	4	dt_raw_transfer_send_block	functions/103e4b7c_dt_raw_transfer_send_block.c
259	103e8f70	dtiot_hal_hid_init	100	product_name,product_string,focus_export,semantic_review	1	0	0	3	1	2	6	dtiot_hal_hid_init: Failed to create HID RX task: %d\n	functions/103e8f70_dtiot_hal_hid_init.c
259	103e9c70	dtiot_hal_os_set_name_by_type	108	product_name,product_string,focus_export,semantic_review	1	0	0	2	3	1	3	%s ERROR: Not initialized, call dtiot_hal_os_init first\r\n	functions/103e9c70_dtiot_hal_os_set_name_by_type.c
258	103d9c84	dt_handle_remark_send	56	product_name,product_string,focus_export,semantic_review,compat_trace	1	1	0	2	3	1	2	dt_handle_remark_send	functions/103d9c84_dt_handle_remark_send.c
258	103d9cc8	dt_handle_remark_frame	56	product_name,product_string,focus_export,semantic_review,compat_trace	1	1	0	2	3	1	2	dt_handle_remark_frame	functions/103d9cc8_dt_handle_remark_frame.c
257	103c6684	dt_stream_trans_send_header	442	product_name,product_string,focus_export,semantic_review,compat_trace	1	1	0	1	4	1	16	[DTIOT]stream %lld header:%s\n	functions/103c6684_dt_stream_trans_send_header.c
257	103ca9e0	dtiot_ble_bind_get_random	310	product_name,product_string,focus_export,semantic_review,compat_trace	1	1	0	1	4	1	16	dtiot_ble_bind_get_random	functions/103ca9e0_dtiot_ble_bind_get_random.c
257	103e3214	dtiot_hid_generate_token_hash	328	product_name,product_string,focus_export,semantic_review,compat_trace	1	1	0	1	4	1	10	dtiot_hid_generate_token_hash	functions/103e3214_dtiot_hid_generate_token_hash.c
257	103ea1d4	dtiot_hal_os_do_upgrade	332	product_name,product_string,focus_export,semantic_review	1	0	0	2	2	2	9	%s ERROR: Not initialized, call dtiot_hal_os_init first\r\n	functions/103ea1d4_dtiot_hal_os_do_upgrade.c
256	103ca7d8	dtiot_ble_bind_get_device_info	132	product_name,product_string,focus_export,semantic_review	1	0	0	1	4	1	6	dtiot_ble_bind_get_device_info	functions/103ca7d8_dtiot_ble_bind_get_device_info.c
256	103cb068	dtiot_ble_bind_reset_device	144	product_name,product_string,focus_export,semantic_review	1	0	0	1	4	1	7	dtiot_ble_bind_reset_device	functions/103cb068_dtiot_ble_bind_reset_device.c
256	103ce528	dtiot_ble_bind_service_new	156	product_name,product_string,focus_export,semantic_review	1	0	0	2	2	1	4	dtiot_ble_bind_service_new	functions/103ce528_dtiot_ble_bind_service_new.c
256	103cf6c4	dtiot_device_unbind	150	product_name,product_string,focus_export,semantic_review,compat_trace	1	1	0	2	2	0	3	dtiot_device, unbind.	functions/103cf6c4_dtiot_device_unbind.c
256	103e6794	dtiot_ble_hal_ble_state_change	146	product_name,product_string,focus_export,semantic_review	1	0	0	2	2	0	9	ble hal service : dtiot_ble_hal_ble_state_change input err!\n	functions/103e6794_dtiot_ble_hal_ble_state_change.c
256	103e9778	dtiot_hal_os_set_sn	142	product_name,product_string,focus_export,semantic_review	1	0	0	2	2	2	4	%s ERROR: Not initialized, call dtiot_hal_os_init first\r\n	functions/103e9778_dtiot_hal_os_set_sn.c
256	103e98dc	dtiot_hal_os_set_mac	140	product_name,product_string,focus_export,semantic_review	1	0	0	2	2	2	5	%s ERROR: Not initialized, call dtiot_hal_os_init first\r\n	functions/103e98dc_dtiot_hal_os_set_mac.c
256	103e9990	dtiot_hal_os_get_mac	132	product_name,product_string,focus_export,semantic_review	1	0	0	2	2	3	4	%s WARNING: Not initialized, call dtiot_hal_os_init first\r\n	functions/103e9990_dtiot_hal_os_get_mac.c
256	103e9a38	dtiot_hal_os_get_mac_by_type	170	product_name,product_string,focus_export,semantic_review	1	0	0	2	2	3	6	%s WARNING: Not initialized, call dtiot_hal_os_init first\r\n	functions/103e9a38_dtiot_hal_os_get_mac_by_type.c
255	103ca2f0	dtiot_ble_bind_parse_response_code	74	product_name,product_string,focus_export,semantic_review	1	0	0	1	4	3	4	dtiot_ble_bind_parse_response_code	functions/103ca2f0_dtiot_ble_bind_parse_response_code.c
255	103ce3c0	dtiot_ble_bind_start_advertising	84	product_name,product_string,focus_export,semantic_review	1	0	0	1	4	2	5	dtiot_ble_bind_start_advertising	functions/103ce3c0_dtiot_ble_bind_start_advertising.c
255	103cf11c	dtiot_ble_protocol_new_response	96	product_name,product_string,focus_export,semantic_review,compat_trace	1	1	0	2	2	0	5	dtiot_ble_pack_new err\n	functions/103cf11c_dtiot_ble_protocol_new_response.c
255	103cf238	dtiot_ble_protocol_new_notify	104	product_name,product_string,focus_export,semantic_review,compat_trace	1	1	0	2	2	0	5	dtiot_ble_pack_t malloc fail\n	functions/103cf238_dtiot_ble_protocol_new_notify.c
255	103cf8f4	dtiot_device_get_bind_status	86	product_name,product_string,focus_export,semantic_review	1	0	0	1	4	2	3	dtiot_device_get_bind_status	functions/103cf8f4_dtiot_device_get_bind_status.c
255	103e2f14	dt_hid_set_bind_status	118	product_name,product_string,focus_export,semantic_review	1	0	0	1	4	2	4	[DT_HID] re-connect to notify DingTalk	functions/103e2f14_dt_hid_set_bind_status.c
255	103e5010	dt_raw_transfer_resend_block	68	product_name,product_string,focus_export,semantic_review	1	0	0	1	4	1	4	dt_raw_transfer_resend_block	functions/103e5010_dt_raw_transfer_resend_block.c
254	103c7dc0	dt_vibrate_initialize_once	36	product_name,product_string,focus_export,semantic_review	1	0	0	2	2	1	2	[INFO] [VIBRATE] Already initialized	functions/103c7dc0_dt_vibrate_initialize_once.c
254	103cae14	dtiot_ble_bind_active_device	526	product_name,product_string,focus_export,semantic_review	1	0	0	1	3	1	8	dtiot_ble_bind_active_device	functions/103cae14_dtiot_ble_bind_active_device.c
252	103c3cd8	dt_get_device_secret_md5	154	product_name,product_string,focus_export,semantic_review,compat_trace	1	1	0	1	3	1	6	dt_get_device_secret_md5	functions/103c3cd8_dt_get_device_secret_md5.c
252	103c5bb4	dt_ota_start	132	product_name,product_string,focus_export,semantic_review	1	0	0	1	3	2	5	---------- dtiot_hal_os_do_upgrade ret %d!\n	functions/103c5bb4_dt_ota_start.c
252	103ca49c	dtiot_ble_send_response_with_addr	140	product_name,product_string,focus_export,semantic_review	1	0	0	1	3	1	4	dtiot_ble_send_response_with_addr	functions/103ca49c_dtiot_ble_send_response_with_addr.c
252	103ca6a0	dtiot_ble_file_block_send	138	product_name,product_string,focus_export,semantic_review,compat_trace	1	1	0	1	3	2	4	dtiot_ble_file_block_send	functions/103ca6a0_dtiot_ble_file_block_send.c
252	103cf47c	dtiot_device_info_dump	224	product_name,product_string,focus_export,semantic_review	1	0	0	2	1	0	1	dtiot_device_info_dump	functions/103cf47c_dtiot_device_info_dump.c
252	103cf954	dtiot_device_generate_and_set_secret	136	product_name,product_string,focus_export,semantic_review	1	0	0	1	3	1	5	dtiot_device_generate_and_set_secret	functions/103cf954_dtiot_device_generate_and_set_secret.c
252	103ea37c	dtiot_hal_os_emmc_sleep	132	product_name,product_string,focus_export,semantic_review	1	0	0	2	1	2	2	%s ERROR: Not initialized, call dtiot_hal_os_init first\r\n	functions/103ea37c_dtiot_hal_os_emmc_sleep.c
252	103ea430	dtiot_hal_os_emmc_awake	132	product_name,product_string,focus_export,semantic_review	1	0	0	2	1	2	2	%s ERROR: Not initialized, call dtiot_hal_os_init first\r\n	functions/103ea430_dtiot_hal_os_emmc_awake.c
251	103ce420	dtiot_ble_bind_service_start	92	product_name,product_string,focus_export,semantic_review	1	0	0	1	3	0	4	dtiot_ble_bind_service_start	functions/103ce420_dtiot_ble_bind_service_start.c
251	103ce494	dtiot_ble_bind_printf_advertising	68	product_name,product_string,focus_export,semantic_review	1	0	0	1	3	1	4	dtiot_ble_bind_printf_advertising	functions/103ce494_dtiot_ble_bind_printf_advertising.c
251	103cedd8	dtiot_ble_init	72	product_name,product_string,focus_export,semantic_review	1	0	0	2	1	0	1	dtiot_ble_init	functions/103cedd8_dtiot_ble_init.c
251	103cf0ac	dtiot_ble_protocol_pack_send	92	product_name,product_string,focus_export,semantic_review,compat_trace	1	1	0	2	1	0	2	dtiot_ble_protocol_pack_send	functions/103cf0ac_dtiot_ble_protocol_pack_send.c
251	103e9548	dtiot_hal_os_deinit	66	product_name,product_string,focus_export,semantic_review	1	0	0	1	3	11	3	dtiot_hal_os_deinit	functions/103e9548_dtiot_hal_os_deinit.c
251	103e9bdc	dtiot_hal_os_get_name_by_type	114	product_name,product_string,focus_export,semantic_review	1	0	0	2	1	1	5	%s WARNING: Not initialized, call dtiot_hal_os_init first\r\n	functions/103e9bdc_dtiot_hal_os_get_name_by_type.c
251	103e9d00	dtiot_hal_os_get_random	94	product_name,product_string,focus_export,semantic_review,compat_trace	1	1	0	2	1	1	2	%s ERROR: Not initialized, call dtiot_hal_os_init first\r\n	functions/103e9d00_dtiot_hal_os_get_random.c
250	103ca0e4	dtiot_ble_bind_service_connect_state_change	44	product_name,product_string,focus_export,semantic_review	1	0	0	2	1	0	1	ble bind service : dtiot_ble_bind_service_connect_state_change input err!\n	functions/103ca0e4_dtiot_ble_bind_service_connect_state_change.c
250	103cebac	dtiot_ble_start_advertising	58	product_name,product_string,focus_export,semantic_review	1	0	0	2	1	0	1	dtiot_ble_start_advertising	functions/103cebac_dtiot_ble_start_advertising.c
250	103ced50	dtiot_ble_subscrible_received_buffer	32	product_name,product_string,focus_export,semantic_review	1	0	0	2	1	0	1	dtiot_ble_subscrible_received_buffer	functions/103ced50_dtiot_ble_subscrible_received_buffer.c
250	103ceed4	dtiot_ble_clean_data_buffer	34	product_name,product_string,focus_export,semantic_review	1	0	0	2	1	0	2	dtiot_ble_clean_data_buffer	functions/103ceed4_dtiot_ble_clean_data_buffer.c
250	103dba08	dt_ble_disconnect_all	60	product_name,product_string,focus_export,semantic_review,compat_trace	1	1	0	1	3	3	4	--------- dtiot_hal_bt_disconnect failed, ret %d!\n	functions/103dba08_dt_ble_disconnect_all.c
249	103cef04	dtiot_ble_protocol_unpack_request	326	product_name,product_string,focus_export,semantic_review,compat_trace	1	1	0	1	2	0	5	dtiot_ble_protocol_unpack_request	functions/103cef04_dtiot_ble_protocol_unpack_request.c
249	103e9d7c	dtiot_hal_os_aes	314	product_name,product_string,focus_export,semantic_review,compat_trace	1	1	0	2	0	1	8	%s ERROR: Not initialized, call dtiot_hal_os_init first\r\n	functions/103e9d7c_dtiot_hal_os_aes.c
248	103ca73c	dtiot_ble_raw_file_block_send	138	product_name,product_string,focus_export,semantic_review,compat_trace	1	1	0	1	2	1	4	dtiot_ble_raw_file_block_send	functions/103ca73c_dtiot_ble_raw_file_block_send.c
248	103e9ee8	dtiot_hal_os_md5	170	product_name,product_string,focus_export,semantic_review	1	0	0	2	0	1	4	%s ERROR: Not initialized, call dtiot_hal_os_init first\r\n	functions/103e9ee8_dtiot_hal_os_md5.c
247	103cf2ac	dtiot_ble_protocol_pack_response_v2	104	product_name,product_string,focus_export,semantic_review	1	0	0	1	2	0	6	dtiot_ble_protocol_pack_response_v2	functions/103cf2ac_dtiot_ble_protocol_pack_response_v2.c
246	103cb108	dtiot_ble_bind_auth_result	38	product_name,product_string,focus_export,semantic_review	1	0	0	1	2	1	1	dtiot_ble_bind_auth_result	functions/103cb108_dtiot_ble_bind_auth_result.c
246	103ce4f4	dtiot_ble_bind_service_stop	42	product_name,product_string,focus_export,semantic_review	1	0	0	1	2	0	3	dtiot_ble_bind_service_stop	functions/103ce4f4_dtiot_ble_bind_service_stop.c
245	103ea4e4	dtiot_hal_os_dbgSerial_enable	22	product_name,product_string,focus_export,semantic_review	1	0	0	1	2	2	2	dtiot_hal_os_dbgSerial_enable	functions/103ea4e4_dtiot_hal_os_dbgSerial_enable.c
245	103ea500	dtiot_hal_os_dbgSerial_disable	22	product_name,product_string,focus_export,semantic_review	1	0	0	1	2	2	2	dtiot_hal_os_dbgSerial_disable	functions/103ea500_dtiot_hal_os_dbgSerial_disable.c
244	103ca5ec	dtiot_ble_send_notify	160	product_name,product_string,focus_export,semantic_review,compat_trace	1	1	0	1	1	1	4	dtiot_ble_send_notify	functions/103ca5ec_dtiot_ble_send_notify.c
243	1030e18c	lnv_wifi_ap_destroy_main	100	product_name,product_string,focus_export,semantic_review	1	0	0	1	1	0	4	lnv_wifi_ap_destroy_main	functions/1030e18c_lnv_wifi_ap_destroy_main.c
241	103d7554	dt_audio_control_button_callback	300	product_name,product_string,focus_export,semantic_review,compat_trace	1	1	0	1	0	0	5	[AUDIO_CTRL] User released button during LONGLONGPRESS vibration\n	functions/103d7554_dt_audio_control_button_callback.c
238	1030baa8	lnv_key_status_main	38	product_name,product_string,focus_export	0	0	0	1	0	0	3	---lnv--- %s powerkey %d aikey %d	functions/1030baa8_lnv_key_status_main.c
236	103c92fc	FUN_103c92fc	822	product_string,focus_export	0	0	1	4	315	356	21	[%s.%03d][DTIOT][%s]%s():%d 	functions/103c92fc_FUN_103c92fc.c
229	103d54fc	create_new_file	1356	product_string,focus_export,semantic_review	1	0	0	3	11	2	28	/emmc/audio	functions/103d54fc_create_new_file.c
221	1030cc2c	FUN_1030cc2c	1818	product_string,focus_export	0	0	1	2	17	0	36	=== Lenovo DTIOT OS HAL Test Application ===\r\n	functions/1030cc2c_FUN_1030cc2c.c
218	103c53b0	dt_light_ui_push	264	product_name,focus_export,semantic_review	1	0	0	0	13	11	12		functions/103c53b0_dt_light_ui_push.c
218	103cb4a4	should_permit_file_list_permission	138	product_string,focus_export,semantic_review,compat_trace	1	1	0	8	4	2	3	current mode is incognito, ding sdk less than 1.6.88, not return file list	functions/103cb4a4_should_permit_file_list_permission.c
215	103db0b8	dt_ble_async_req_new	54	product_name,focus_export,semantic_review	1	0	0	0	12	11	4		functions/103db0b8_dt_ble_async_req_new.c
215	103db0fc	dt_ble_async_push	58	product_name,focus_export,semantic_review	1	0	0	0	11	11	2		functions/103db0fc_dt_ble_async_push.c
212	103e34e8	dt_hid_handle_set_working_mode	1406	product_name,focus_export,semantic_review,compat_trace	1	1	0	0	8	0	25		functions/103e34e8_dt_hid_handle_set_working_mode.c
211	103d77b0	start_recording_internal	396	product_string,focus_export,semantic_review,compat_trace	1	1	0	1	15	4	17	persist.dt.aud.stream_rec	functions/103d77b0_start_recording_internal.c
210	103d700c	stop_recording_internal	252	product_string,focus_export,semantic_review,compat_trace	1	1	0	1	10	6	12	[AUDIO_CTRL] External button stopped schedule recording (sid=%u), notifying schedule module\n	functions/103d700c_stop_recording_internal.c
209	103c5fcc	dt_ota_file_recv_header	250	product_name,focus_export,semantic_review,compat_trace	1	1	0	0	8	2	9		functions/103c5fcc_dt_ota_file_recv_header.c
207	101c551c	FUN_101c551c	466	product_string,focus_export	0	0	1	9	1	1	9	CRITICAL ERROR: sector_size (%d) > DTIOT_BUFFER_SIZE (%d) - would cause buffer overflow!	functions/101c551c_FUN_101c551c.c
206	103dbe24	dt_ble_aud_connect_callback	442	product_name,focus_export,semantic_review	1	0	0	0	7	0	16		functions/103dbe24_dt_ble_aud_connect_callback.c
205	103c60f4	dt_ota_file_recv_block	216	product_name,focus_export,semantic_review,compat_trace	1	1	0	0	7	2	7		functions/103c60f4_dt_ota_file_recv_block.c
204	103dc320	dt_ble_bind_init	98	product_name,focus_export,semantic_review	1	0	0	0	7	1	11		functions/103dc320_dt_ble_bind_init.c
202	103e6e4c	dt_tcp_handle_file_header_send	486	product_name,focus_export,semantic_review,compat_trace	1	1	0	0	6	1	12		functions/103e6e4c_dt_tcp_handle_file_header_send.c
199	103c54f0	dt_light_ui_callback	802	product_name,focus_export,semantic_review	1	0	0	0	5	0	15		functions/103c54f0_dt_light_ui_callback.c
198	101c5244	factory_section_init	574	product_name,product_string,semantic_review	1	0	0	8	6	4	12	DTIOT flash module registered successfully	functions/101c5244_factory_section_init.c
196	103c5f80	dt_ota_async_proc	64	product_name,focus_export,semantic_review	1	0	0	0	5	2	4		functions/103c5f80_dt_ota_async_proc.c
194	103e3380	dt_hid_bind_get_random	304	product_name,focus_export,semantic_review,compat_trace	1	1	0	0	4	1	15		functions/103e3380_dt_hid_bind_get_random.c
193	103c5c68	dt_ota_version_parse	148	product_name,focus_export,semantic_review,compat_trace	1	1	0	0	4	3	2		functions/103c5c68_dt_ota_version_parse.c
193	103c6d60	dt_stream_trans_init	138	product_name,focus_export,semantic_review	1	0	0	0	4	1	6		functions/103c6d60_dt_stream_trans_init.c
193	103e2db0	dt_hid_send_packet_fragments	248	product_name,focus_export,semantic_review,compat_trace	1	1	0	0	4	2	7		functions/103e2db0_dt_hid_send_packet_fragments.c
193	103e7088	dt_tcp_handle_file_block_send	212	product_name,focus_export,semantic_review,compat_trace	1	1	0	0	4	1	5		functions/103e7088_dt_tcp_handle_file_block_send.c
192	103c81f8	dt_wifi_init	126	product_name,focus_export,semantic_review,compat_trace	1	1	0	0	4	1	7		functions/103c81f8_dt_wifi_init.c
192	103d8028	dt_stop_voiceprint	92	product_name,focus_export,semantic_review	1	0	0	0	4	2	5		functions/103d8028_dt_stop_voiceprint.c
192	103db04c	dt_ble_async_init	88	product_name,focus_export,semantic_review	1	0	0	0	4	1	6		functions/103db04c_dt_ble_async_init.c
191	103db2e8	get_device_info_callback	366	product_string,focus_export,semantic_review,compat_trace	1	1	0	1	5	0	18	[DTIOT]devinf:%s\n	functions/103db2e8_get_device_info_callback.c
190	103db4c4	bind_status_callback	186	product_string,focus_export,semantic_review	1	0	0	1	5	0	7	 device binded dt_vibrate_once\n	functions/103db4c4_bind_status_callback.c
190	103dc910	a1_dt_display_set_voice_memo_hint	148	product_string,focus_export,semantic_review	1	0	0	3	1	0	3	[DISPLAY] Triggering display refresh for voice memo hint change in state %d\n	functions/103dc910_a1_dt_display_set_voice_memo_hint.c
190	103e5574	dt_tcp_server_start	336	product_name,focus_export,semantic_review	1	0	0	0	3	1	13		functions/103e5574_dt_tcp_server_start.c
189	103c5d20	dt_ota_get_file_offset	132	product_name,focus_export,semantic_review	1	0	0	0	3	1	6		functions/103c5d20_dt_ota_get_file_offset.c
189	103d7f3c	dt_start_voiceprint	206	product_name,focus_export,semantic_review	1	0	0	0	3	1	10		functions/103d7f3c_dt_start_voiceprint.c
189	103e56f4	dt_tcp_server_stop	148	product_name,focus_export,semantic_review	1	0	0	0	3	1	5		functions/103e56f4_dt_tcp_server_stop.c
189	103e6d10	dt_tcp_send_response	168	product_name,focus_export,semantic_review	1	0	0	0	3	2	5		functions/103e6d10_dt_tcp_send_response.c
188	103c5348	dt_light_ui_init	84	product_name,focus_export,semantic_review	1	0	0	0	3	1	5		functions/103c5348_dt_light_ui_init.c
188	103c6ab0	dt_stream_trans_get_info	72	product_name,focus_export,semantic_review	1	0	0	0	3	2	1		functions/103c6ab0_dt_stream_trans_get_info.c
188	103db5ec	dt_ble_update_adv_cnt	90	product_name,focus_export,semantic_review	1	0	0	0	3	2	3		functions/103db5ec_dt_ble_update_adv_cnt.c
187	103e04f0	dt_display_show_private_icon	54	product_name,focus_export,semantic_review	1	0	0	0	3	2	3		functions/103e04f0_dt_display_show_private_icon.c
187	103e2970	dt_hid_process_packet_fragment	592	product_name,focus_export,semantic_review,compat_trace	1	1	0	0	2	0	9		functions/103e2970_dt_hid_process_packet_fragment.c
187	103e2c1c	dt_hid_usb_is_connecting	54	product_name,focus_export,semantic_review	1	0	0	0	3	2	2		functions/103e2c1c_dt_hid_usb_is_connecting.c
186	103ebb20	dtiot_wifi_ap_create	598	product_name,product_string,semantic_review	1	0	0	5	3	2	19	Create Wifi AP %s ...\r\n	functions/103ebb20_dtiot_wifi_ap_create.c
185	103c6c4c	dt_stream_send	252	product_name,focus_export,semantic_review	1	0	0	0	2	0	6		functions/103c6c4c_dt_stream_send.c
185	103c7df0	dt_vibrate_once	14	product_name,focus_export,semantic_review,compat_trace	1	1	0	0	3	4	1		functions/103c7df0_dt_vibrate_once.c
185	103c84ac	dt_wifi_get_ip	170	product_name,focus_export,semantic_review	1	0	0	0	2	1	6		functions/103c84ac_dt_wifi_get_ip.c
185	103d9d84	dt_audio_frameheader_decode	474	product_name,product_string,semantic_review	1	0	0	5	3	1	3	[dt_try_remark_audio_frame] offset: %llu, frame_header_size: %d, start_bits: %d, end_bits: %d\r\n	functions/103d9d84_dt_audio_frameheader_decode.c
185	103db90c	dt_ble_mobile_phone_model	204	product_name,focus_export,semantic_review,compat_trace	1	1	0	0	2	1	3		functions/103db90c_dt_ble_mobile_phone_model.c
185	103dc3d4	dt_ble_connect_params_adjust	224	product_name,focus_export,semantic_review	1	0	0	0	2	1	6		functions/103dc3d4_dt_ble_connect_params_adjust.c
185	103ddac8	dt_display_create_test_image_file	152	product_name,focus_export,semantic_review	1	0	0	0	2	1	3		functions/103ddac8_dt_display_create_test_image_file.c
184	103db864	dt_ble_get_conn_device_by_addr	94	product_name,focus_export,semantic_review	1	0	0	0	2	1	3		functions/103db864_dt_ble_get_conn_device_by_addr.c
184	103dc514	dt_ble_get_connect_info	126	product_name,focus_export,semantic_review	1	0	0	0	2	1	4		functions/103dc514_dt_ble_get_connect_info.c
184	103e2d48	dt_hid_packet_thread_deinit	82	product_name,focus_export,semantic_review	1	0	0	0	2	1	8		functions/103e2d48_dt_hid_packet_thread_deinit.c
184	103e5514	dt_tcp_server_init	78	product_name,focus_export,semantic_review,compat_trace	1	1	0	0	2	1	3		functions/103e5514_dt_tcp_server_init.c
183	1030bc4c	FUN_1030bc4c	324	product_string,focus_export	0	0	1	2	1	1	2	  init           - Test DTIOT HAL initialization/deinitialization	functions/1030bc4c_FUN_1030bc4c.c
183	103db654	dt_ble_print_adv_cnt	48	product_name,focus_export,semantic_review	1	0	0	0	2	1	1		functions/103db654_dt_ble_print_adv_cnt.c
183	103dc024	notify_characteristic_changed_with_addr	270	product_string,focus_export,semantic_review	1	0	0	1	3	1	8	dtiot_hal_bt_send failed ret:%d len %d\n	functions/103dc024_notify_characteristic_changed_with_addr.c
183	103e2928	dt_hid_reset_receive_state	58	product_name,focus_export,semantic_review	1	0	0	0	2	1	3		functions/103e2928_dt_hid_reset_receive_state.c
182	103c688c	dt_stream_send_packet_to_pool	494	product_name,focus_export,semantic_review	1	0	0	0	1	1	10		functions/103c688c_dt_stream_send_packet_to_pool.c
181	1030e234	lnv_wifi_connect_main	160	product_name,focus_export,semantic_review	1	0	0	0	1	0	6		functions/1030e234_lnv_wifi_connect_main.c
181	103d42d4	generate_filename	114	product_string,focus_export,semantic_review	1	0	0	1	3	1	4	/emmc/audio	functions/103d42d4_generate_filename.c
181	103dae20	dt_audio_schedule_on_recording_stop	344	product_name,product_string,semantic_review	1	0	0	2	8	1	11	[schedule] on_recording_stop called with is_schedule_triggered=true, but no schedule recording active\n	functions/103dae20_dt_audio_schedule_on_recording_stop.c
181	103e02c8	dt_display_test_ui_states	172	product_name,focus_export,semantic_review,compat_trace	1	1	0	0	1	1	4		functions/103e02c8_dt_display_test_ui_states.c
181	103e516c	dt_tcp_server_thread	244	product_name,focus_export,semantic_review	1	0	0	0	1	0	10		functions/103e516c_dt_tcp_server_thread.c
180	103c5276	dt_light_ui	108	product_name,focus_export,semantic_review	1	0	0	0	1	0	4		functions/103c5276_dt_light_ui.c
180	103dafce	dt_ble_async	108	product_name,focus_export,semantic_review	1	0	0	0	1	0	4		functions/103dafce_dt_ble_async.c
180	103dd6b4	dt_display_stop_recording_timer	70	product_name,focus_export,semantic_review,compat_trace	1	1	0	0	1	1	2		functions/103dd6b4_dt_display_stop_recording_timer.c
180	103dd714	dt_display_pause_recording_timer	66	product_name,focus_export,semantic_review,compat_trace	1	1	0	0	1	1	2		functions/103dd714_dt_display_pause_recording_timer.c
179	1030e2ec	lnv_wifi_disconnect_main	32	product_name,focus_export,semantic_review	1	0	0	0	1	0	2		functions/1030e2ec_lnv_wifi_disconnect_main.c
179	103dd654	dt_display_start_recording_timer	62	product_name,focus_export,semantic_review,compat_trace	1	1	0	0	1	1	3		functions/103dd654_dt_display_start_recording_timer.c
179	103dd76c	dt_display_resume_recording_timer	52	product_name,focus_export,semantic_review,compat_trace	1	1	0	0	1	1	2		functions/103dd76c_dt_display_resume_recording_timer.c
179	103e2ecc	dt_hid_disconnect_callback	38	product_name,focus_export,semantic_review	1	0	0	0	1	0	2		functions/103e2ecc_dt_hid_disconnect_callback.c
178	103e28e8	dt_hid_connect_callback	18	product_name,focus_export,semantic_review	1	0	0	0	1	0	1		functions/103e28e8_dt_hid_connect_callback.c
177	103e1a78	private_task_func_file_delete	102	product_string,focus_export,semantic_review	1	0	0	1	2	0	5	/emmc/audio	functions/103e1a78_private_task_func_file_delete.c
176	103eb574	lnv_webserver_task_run	88	product_name,focus_export	0	0	0	0	0	0	5		functions/103eb574_lnv_webserver_task_run.c
173	103d6a78	dt_audio	330	product_name,product_string,semantic_review	1	0	0	1	8	0	14	remark at recording duration: %d\n	functions/103d6a78_dt_audio.c
167	1030d534	FUN_1030d534	16	product_string,focus_export	0	0	1	1	0	0	1	===@-@ Lenovo DTIOT OS HAL Test Application ===\r\n	functions/1030d534_FUN_1030d534.c
167	103cf7dc	dtiot_device_notify_bind_status	70	product_name,product_string,semantic_review	1	0	0	4	1	0	1	dtiot_device, dtiot_device_notify_bind_status.\n	functions/103cf7dc_dtiot_device_notify_bind_status.c
164	103e6bd8	dtiot_hal_audio_set_algo_mode	236	product_name,product_string,semantic_review	1	0	0	3	2	1	3	[AUDIO_HAL] Set to KEY mode (voice memo - 5 mics only)	functions/103e6bd8_dtiot_hal_audio_set_algo_mode.c
160	103d48e0	dt_audio_get_current_audio_header	166	product_name,product_string,semantic_review	1	0	0	2	3	2	3	persist.dt.aud.aes	functions/103d48e0_dt_audio_get_current_audio_header.c
159	103c857c	dtiot_data_read	68	product_name,product_string,semantic_review	1	0	0	1	5	6	3	dtiot_data_read	functions/103c857c_dtiot_data_read.c
156	103cfbf4	dtiot_device_module_new	188	product_name,product_string,semantic_review	1	0	0	2	2	1	3	dtiot_device, success.\n	functions/103cfbf4_dtiot_device_module_new.c
155	103e287c	dt_file_trans_delete_oldest_audio_file	90	product_name,product_string,semantic_review	1	0	0	1	4	2	5	/emmc/audio	functions/103e287c_dt_file_trans_delete_oldest_audio_file.c
153	103d44fc	dt_audio_init	490	product_name,product_string,semantic_review	1	0	0	1	3	1	19	[AUDIO] Failed to initialize voice memo mutex\n	functions/103d44fc_dt_audio_init.c
153	103e1df4	dt_file_trans_update_sync_info	420	product_name,product_string,semantic_review	1	0	0	1	3	1	9	/emmc/audio	functions/103e1df4_dt_file_trans_update_sync_info.c
152	103ebdd4	dtiot_wifi_ap_destroy	140	product_name,product_string,semantic_review	1	0	0	1	3	3	7	dtiot_wifi_ap_destroy	functions/103ebdd4_dtiot_wifi_ap_destroy.c
151	103c85cc	dtiot_os_hal_get_storage_info	96	product_name,product_string,semantic_review,compat_trace	1	1	0	1	3	2	2	dtiot_os_hal_get_storage_info	functions/103c85cc_dtiot_os_hal_get_storage_info.c
151	103cfdd4	dtiot_device_service_init	74	product_name,product_string,semantic_review	1	0	0	2	1	0	2	dtiot_device_service, already init.\n	functions/103cfdd4_dtiot_device_service_init.c
150	103cf594	dtiot_device_set_device_name	56	product_name,product_string,semantic_review	1	0	0	2	1	0	3	dtiot_device, set_device_name %s\n	functions/103cf594_dtiot_device_set_device_name.c
150	103e6940	dtiot_hal_audio_deinit	44	product_name,product_string,semantic_review	1	0	0	1	3	2	2	dtiot_hal_audio_deinit	functions/103e6940_dtiot_hal_audio_deinit.c
149	103d6c8c	dt_audio_get_header_from_fid	312	product_name,product_string,semantic_review	1	0	0	1	2	1	9	/emmc/audio	functions/103d6c8c_dt_audio_get_header_from_fid.c
148	103e687c	dtiot_hal_audio_init	162	product_name,product_string,semantic_review	1	0	0	1	2	1	6	dtiot_hal_audio_init	functions/103e687c_dtiot_hal_audio_init.c
148	103e697c	dtiot_hal_audio_start	158	product_name,product_string,semantic_review	1	0	0	1	2	1	5	dtiot_hal_audio_start	functions/103e697c_dtiot_hal_audio_start.c
148	103e6af4	dtiot_hal_audio_read	198	product_name,product_string,semantic_review	1	0	0	1	2	1	3	dtiot_hal_audio_read	functions/103e6af4_dtiot_hal_audio_read.c
147	103e6a44	dtiot_hal_audio_stop	104	product_name,product_string,semantic_review	1	0	0	1	2	1	3	dtiot_hal_audio_stop	functions/103e6a44_dtiot_hal_audio_stop.c
146	103c6598	FUN_103c6598	94	focus_export	0	0	1	0	15	16	2		functions/103c6598_FUN_103c6598.c
146	103e6ac8	dtiot_hal_audio_frep32k	34	product_name,product_string,semantic_review	1	0	0	1	2	1	2	dtiot_hal_audio_frep32k	functions/103e6ac8_dtiot_hal_audio_frep32k.c
145	103eb9c8	dtiot_wifi_connect	298	product_name,product_string,semantic_review	1	0	0	1	1	1	14	dtiot_wifi_connect	functions/103eb9c8_dtiot_wifi_connect.c
143	103e007c	FUN_103e007c	12	focus_export	0	0	1	0	15	24	0		functions/103e007c_FUN_103e007c.c
142	103eb6bc	dtiot_wifi_disconnect	60	product_name,product_string,semantic_review	1	0	0	1	1	1	5	dtiot_wifi_disconnect	functions/103eb6bc_dtiot_wifi_disconnect.c
141	103eb67c	dtiot_wifi_workmode_set	18	product_name,product_string,semantic_review	1	0	0	1	1	1	1	dtiot_wifi_workmode_set	functions/103eb67c_dtiot_wifi_workmode_set.c
141	103eb708	dtiot_wifi_scan	446	product_name,product_string,semantic_review	1	0	0	1	0	1	14	dtiot_wifi_scan	functions/103eb708_dtiot_wifi_scan.c
140	103d7970	start_chat_stream_internal	364	focus_export,semantic_review,compat_trace	1	1	0	0	8	2	12		functions/103d7970_start_chat_stream_internal.c
139	103ebe88	dtiot_wifi_get_rssi	102	product_name,product_string,semantic_review	1	0	0	1	0	1	4	dtiot_wifi_get_rssi	functions/103ebe88_dtiot_wifi_get_rssi.c
137	103d51d4	flush_cache_to_file	552	focus_export,semantic_review,compat_trace	1	1	0	0	7	4	14		functions/103d51d4_flush_cache_to_file.c
137	103eb698	dtiot_wifi_register_connect_response	22	product_name,product_string,semantic_review	1	0	0	1	0	1	1	dtiot_wifi_register_connect_response	functions/103eb698_dtiot_wifi_register_connect_response.c
137	103eb90c	dtiot_wifi_register_scan_response	20	product_name,product_string,semantic_review	1	0	0	1	0	1	1	dtiot_wifi_register_scan_response	functions/103eb90c_dtiot_wifi_register_scan_response.c
129	103e5286	FUN_103e5286	590	focus_export,semantic_review	1	0	1	0	5	0	15		functions/103e5286_FUN_103e5286.c
128	103e477c	FUN_103e477c	438	focus_export,semantic_review,compat_trace	1	1	1	0	5	1	9		functions/103e477c_FUN_103e477c.c
123	103c5ec8	FUN_103c5ec8	160	focus_export	0	0	1	0	4	0	7		functions/103c5ec8_FUN_103c5ec8.c
123	103c8570	FUN_103c8570	12	focus_export,semantic_review	1	0	1	0	5	7	1		functions/103c8570_FUN_103c8570.c
121	103c5b60	FUN_103c5b60	54	focus_export	0	0	1	0	4	5	1		functions/103c5b60_FUN_103c5b60.c
120	103d2950	dt_aud_db_init	1526	product_name,semantic_review	1	0	0	0	10	1	18		functions/103d2950_dt_aud_db_init.c
120	103da7d0	dt_audio_schedule_merge_intervals	1406	product_name,semantic_review	1	0	0	0	11	2	15		functions/103da7d0_dt_audio_schedule_merge_intervals.c
119	103d66a0	dt_audio_stop	826	product_name,semantic_review	1	0	0	0	11	2	21		functions/103d66a0_dt_audio_stop.c
118	103d3d5c	dt_aud_db_delete_item	266	product_name,semantic_review	1	0	0	0	10	3	9		functions/103d3d5c_dt_aud_db_delete_item.c
117	101c3f20	factory_save_data_into_section	178	product_name,semantic_review	1	0	0	0	15	20	4		functions/101c3f20_factory_save_data_into_section.c
117	103c7a7c	dt_ut_report	246	product_name	0	0	0	0	23	23	6		functions/103c7a7c_dt_ut_report.c
116	103c8638	FUN_103c8638	28	focus_export	0	0	1	0	3	3	1		functions/103c8638_FUN_103c8638.c
116	103c8bd8	dt_file_write	86	product_name,semantic_review	1	0	0	0	10	9	4		functions/103c8bd8_dt_file_write.c
115	103c8c38	dt_file_flush	44	product_name,semantic_review	1	0	0	0	10	9	2		functions/103c8c38_dt_file_flush.c
115	103c8c6c	dt_file_open	42	product_name,semantic_review	1	0	0	0	12	11	2		functions/103c8c6c_dt_file_open.c
115	103c8ca0	dt_file_close	44	product_name,semantic_review	1	0	0	0	14	14	2		functions/103c8ca0_dt_file_close.c
115	103c9b4c	dt_malloc0	50	product_name	0	0	0	0	30	48	4		functions/103c9b4c_dt_malloc0.c
115	103d3074	dt_aud_db_add_item	626	product_name,semantic_review	1	0	0	0	9	3	9		functions/103d3074_dt_aud_db_add_item.c
115	103ddc00	FUN_103ddc00	7544	product_string,semantic_review	1	0	1	2	8	1	81	DingTalk A1	functions/103ddc00_FUN_103ddc00.c
115	103e4964	FUN_103e4964	154	focus_export,semantic_review,compat_trace	1	1	1	0	2	0	6		functions/103e4964_FUN_103e4964.c
114	103e03a0	FUN_103e03a0	80	focus_export	0	0	1	0	2	0	3		functions/103e03a0_FUN_103e03a0.c
113	1030e410	FUN_1030e410	48	focus_export	0	0	1	0	2	0	3		functions/1030e410_FUN_1030e410.c
113	103c9bec	dt_thread_new	128	product_name	0	0	0	0	9	8	8		functions/103c9bec_dt_thread_new.c
113	103cf5d8	FUN_103cf5d8	52	focus_export,semantic_review	1	0	1	0	2	1	3		functions/103cf5d8_FUN_103cf5d8.c
113	103cf85a	FUN_103cf85a	40	focus_export,semantic_review	1	0	1	0	2	0	2		functions/103cf85a_FUN_103cf85a.c
113	103cf886	FUN_103cf886	50	focus_export,semantic_review	1	0	1	0	2	0	2		functions/103cf886_FUN_103cf886.c
113	103cf8ca	FUN_103cf8ca	42	focus_export,semantic_review	1	0	1	0	2	0	2		functions/103cf8ca_FUN_103cf8ca.c
113	103e2750	dt_file_trans_event_handler	210	product_name,semantic_review,compat_trace	1	1	0	0	9	3	6		functions/103e2750_dt_file_trans_event_handler.c
112	103c815c	dt_loop	110	product_name	0	0	0	0	9	1	9		functions/103c815c_dt_loop.c
112	103cf770	FUN_103cf770	20	focus_export,semantic_review	1	0	1	0	2	1	1		functions/103cf770_FUN_103cf770.c
112	103d34fc	audio_file_mock	810	product_string,semantic_review	1	0	0	1	10	1	15	/emmc/audio/%014llu	functions/103d34fc_audio_file_mock.c
111	1030e0ec	FUN_1030e0ec	144	focus_export	0	0	1	0	1	0	5		functions/1030e0ec_FUN_1030e0ec.c
111	103e04e0	FUN_103e04e0	12	focus_export	0	0	1	0	2	2	0		functions/103e04e0_FUN_103e04e0.c
110	103d331c	dt_aud_db_update_newest_item	438	product_name,semantic_review	1	0	0	0	8	3	8		functions/103d331c_dt_aud_db_update_newest_item.c
110	103ebf08	FUN_103ebf08	118	focus_export	0	0	1	0	1	2	6		functions/103ebf08_FUN_103ebf08.c
109	1030e318	FUN_1030e318	46	focus_export	0	0	1	0	1	0	2		functions/1030e318_FUN_1030e318.c
109	103cf610	FUN_103cf610	54	focus_export	0	0	1	0	1	0	3		functions/103cf610_FUN_103cf610.c
109	103cf64c	FUN_103cf64c	54	focus_export	0	0	1	0	1	0	3		functions/103cf64c_FUN_103cf64c.c
109	103cf688	FUN_103cf688	54	focus_export	0	0	1	0	1	0	3		functions/103cf688_FUN_103cf688.c
109	103ebf94	FUN_103ebf94	44	focus_export	0	0	1	0	1	2	4		functions/103ebf94_FUN_103ebf94.c
108	102eac50	FUN_102eac50	24	focus_export	0	0	1	0	1	2	1		functions/102eac50_FUN_102eac50.c
108	103cf788	FUN_103cf788	22	focus_export	0	0	1	0	1	0	1		functions/103cf788_FUN_103cf788.c
108	103cf7a4	FUN_103cf7a4	22	focus_export	0	0	1	0	1	0	1		functions/103cf7a4_FUN_103cf7a4.c
108	103cf7c0	FUN_103cf7c0	22	focus_export	0	0	1	0	1	0	1		functions/103cf7c0_FUN_103cf7c0.c
107	101c5730	FUN_101c5730	428	product_string	0	0	1	8	1	1	6	CRITICAL ERROR: sector_size (%d) > DTIOT_BUFFER_SIZE (%d) - would cause buffer overflow!	functions/101c5730_FUN_101c5730.c
107	1030e220	FUN_1030e220	14	focus_export	0	0	1	0	1	0	1		functions/1030e220_FUN_1030e220.c
107	103c76d0	dt_ut_report_init	824	product_name	0	0	0	0	7	1	14		functions/103c76d0_dt_ut_report_init.c
107	103d3e80	dt_aud_db_ts_valid	46	product_name,semantic_review	1	0	0	0	8	7	1		functions/103d3e80_dt_aud_db_ts_valid.c
107	103e02b8	FUN_103e02b8	12	focus_export	0	0	1	0	1	2	0		functions/103e02b8_FUN_103e02b8.c
106	102eac48	FUN_102eac48	6	focus_export	0	0	1	0	1	2	0		functions/102eac48_FUN_102eac48.c
106	103d3f54	dt_aud_db_delete_oldest_item	298	product_name,semantic_review	1	0	0	0	7	1	8		functions/103d3f54_dt_aud_db_delete_oldest_item.c
106	103da3c8	dt_audio_schedule_init	268	product_name,semantic_review,compat_trace	1	1	0	0	7	1	11		functions/103da3c8_dt_audio_schedule_init.c
105	103c6e90	dt_sys_update_alarm	190	product_name	0	0	0	0	7	6	3		functions/103c6e90_dt_sys_update_alarm.c
105	103c99e8	dt_loop_add_repeat_timer	194	product_name	0	0	0	0	7	4	8		functions/103c99e8_dt_loop_add_repeat_timer.c
105	103d387c	dt_aud_db_get_item	202	product_name,semantic_review	1	0	0	0	7	2	7		functions/103d387c_dt_aud_db_get_item.c
104	103c7f80	dt_switch_to_schedule_timer	122	product_name	0	0	0	0	7	4	5		functions/103c7f80_dt_switch_to_schedule_timer.c
104	103c80b8	dt_switch_to_precise_timer	122	product_name	0	0	0	0	7	4	5		functions/103c80b8_dt_switch_to_precise_timer.c
103	103c8a04	dt_datetime_get_seconds	54	product_name	0	0	0	0	7	6	2		functions/103c8a04_dt_datetime_get_seconds.c
103	103c9b1c	dt_malloc	40	product_name	0	0	0	0	7	8	3		functions/103c9b1c_dt_malloc.c
103	103e22cc	dt_file_attr_parse	558	product_name,semantic_review,compat_trace	1	1	0	0	6	1	13		functions/103e22cc_dt_file_attr_parse.c
102	103c7c18	dt_ut_report_save	324	product_name	0	0	0	0	6	2	11		functions/103c7c18_dt_ut_report_save.c
102	103da214	dt_audio_schedule_load_from_storage	274	product_name,semantic_review,compat_trace	1	1	0	0	6	2	7		functions/103da214_dt_audio_schedule_load_from_storage.c
102	103da500	dt_audio_schedule_save_to_storage	330	product_name,semantic_review,compat_trace	1	1	0	0	6	1	9		functions/103da500_dt_audio_schedule_save_to_storage.c
102	103e2104	dt_file_trans_sync	298	product_name,semantic_review	1	0	0	0	6	1	15		functions/103e2104_dt_file_trans_sync.c
102	103e25cc	dt_file_recv_block	360	product_name,semantic_review	1	0	0	0	6	1	8		functions/103e25cc_dt_file_recv_block.c
101	103c7e00	dt_device_status_watch	142	product_name	0	0	0	0	6	3	5		functions/103c7e00_dt_device_status_watch.c
101	103d60a0	audio_data_callback	1302	product_string,semantic_review	1	0	0	2	5	1	13	[VOICE_MEMO] Cache overflow, flushing %zu bytes first\n	functions/103d60a0_audio_data_callback.c
100	103c8024	dt_switch_to_normal_timer	108	product_name	0	0	0	0	6	3	5		functions/103c8024_dt_switch_to_normal_timer.c
99	103c72c8	dt_sys_control_cpufreq_pull	40	product_name	0	0	0	0	6	5	2		functions/103c72c8_dt_sys_control_cpufreq_pull.c
99	103c9070	FUN_103c9070	496	product_string	0	0	1	3	3	1	23	[DTIOT]Failed to open fatal log file(%s)\n	functions/103c9070_FUN_103c9070.c
99	103d395c	dt_aud_db_ts_to_interval	552	product_name,semantic_review	1	0	0	0	5	1	4		functions/103d395c_dt_aud_db_ts_to_interval.c
98	103d3bac	dt_aud_db_query_range_core	382	product_name,semantic_review	1	0	0	0	5	1	8		functions/103d3bac_dt_aud_db_query_range_core.c
98	103d9554	dt_audio_manager_service_start	366	product_name,semantic_review	1	0	0	0	5	0	17		functions/103d9554_dt_audio_manager_service_start.c
97	103c8f0c	dt_file_remove_dir_contents	210	product_name,semantic_review	1	0	0	0	5	3	10		functions/103c8f0c_dt_file_remove_dir_contents.c
97	103e1d64	dt_file_trans_get_list	128	product_name,semantic_review	1	0	0	0	5	1	6		functions/103e1d64_dt_file_trans_get_list.c
96	103c8ab4	dt_file_read	86	product_name,semantic_review	1	0	0	0	5	4	4		functions/103c8ab4_dt_file_read.c
96	103c9ac8	dt_loop_cancel_repeat_timer	74	product_name	0	0	0	0	5	3	5		functions/103c9ac8_dt_loop_cancel_repeat_timer.c
95	103e20c0	dt_file_trans_sync_cancle	56	product_name,semantic_review	1	0	0	0	5	2	4		functions/103e20c0_dt_file_trans_sync_cancle.c
94	103c6f70	dt_sys_alarm_handler	264	product_name	0	0	0	0	4	0	10		functions/103c6f70_dt_sys_alarm_handler.c
94	103c8d40	dt_file_copy	428	product_name,semantic_review	1	0	0	0	4	1	11		functions/103c8d40_dt_file_copy.c
94	103d9880	dt_audio_manager_service_stop	304	product_name,semantic_review	1	0	0	0	4	0	14		functions/103d9880_dt_audio_manager_service_stop.c
93	103c985c	dt_loop_new	216	product_name	0	0	0	0	4	1	13		functions/103c985c_dt_loop_new.c
93	103e1fbc	dt_file_trans_sync_end	242	product_name,semantic_review	1	0	0	0	4	1	8		functions/103e1fbc_dt_file_trans_sync_end.c
92	103c71fc	dt_sys_control_init	102	product_name	0	0	0	0	4	1	6		functions/103c71fc_dt_sys_control_init.c
92	103da754	dt_audio_schedule_clear	90	product_name,semantic_review,compat_trace	1	1	0	0	4	1	6		functions/103da754_dt_audio_schedule_clear.c
92	103dc5a8	dt_device_init	92	product_name,semantic_review	1	0	0	0	4	2	5		functions/103dc5a8_dt_device_init.c
92	103e1bf4	dt_file_transer_file_send_header	66	product_name,semantic_review	1	0	0	0	4	1	4		functions/103e1bf4_dt_file_transer_file_send_header.c
92	103e1c44	dt_file_transer_file_send_block	68	product_name,semantic_review	1	0	0	0	4	1	4		functions/103e1c44_dt_file_transer_file_send_block.c
92	103e1c94	dt_file_transer_file_resend_block	68	product_name,semantic_review	1	0	0	0	4	1	4		functions/103e1c94_dt_file_transer_file_resend_block.c
92	103e2280	dt_file_trans_delete	64	product_name,semantic_review	1	0	0	0	4	1	4		functions/103e2280_dt_file_trans_delete.c
92	103e2580	dt_file_async_verify	64	product_name,semantic_review	1	0	0	0	4	1	4		functions/103e2580_dt_file_async_verify.c
91	103c7174	dt_sys_alrm_aud_block_hook	58	product_name	0	0	0	0	4	2	5		functions/103c7174_dt_sys_alrm_aud_block_hook.c
91	103c71bc	dt_sys_alrm_aud_block_hook_cancel	50	product_name	0	0	0	0	4	2	4		functions/103c71bc_dt_sys_alrm_aud_block_hook_cancel.c
91	103c72f8	dt_sys_control_cpufreq_relax	40	product_name	0	0	0	0	4	4	2		functions/103c72f8_dt_sys_control_cpufreq_relax.c
91	103da1c8	dt_audio_schedule_clear_storage	60	product_name,semantic_review	1	0	0	0	4	3	3		functions/103da1c8_dt_audio_schedule_clear_storage.c
91	103e2250	dt_file_trans_sync_cancle_nolock	34	product_name,semantic_review	1	0	0	0	4	3	1		functions/103e2250_dt_file_trans_sync_cancle_nolock.c
91	103e253c	dt_file_transer_file_recv_header	60	product_name,semantic_review	1	0	0	0	4	1	3		functions/103e253c_dt_file_transer_file_recv_header.c
90	1030c67c	FUN_1030c67c	212	product_string	0	0	1	1	5	1	9	Hello DTIOT Flash!	functions/1030c67c_FUN_1030c67c.c
90	103d96f8	dt_audio_manager_service_pause	350	product_name,semantic_review	1	0	0	0	3	0	13		functions/103d96f8_dt_audio_manager_service_pause.c
89	103a68c8	FUN_103a68c8	118	product_string	0	0	1	3	1	1	5	bes_composite: Configuring DingTalk device at dev_idx=%d\n	functions/103a68c8_FUN_103a68c8.c
89	103c5dbc	dt_file_transfer_calc_md5	238	product_name,semantic_review	1	0	0	0	3	2	13		functions/103c5dbc_dt_file_transfer_calc_md5.c
89	103d5444	dt_audio_pause	138	product_name,semantic_review,compat_trace	1	1	0	0	3	1	5		functions/103d5444_dt_audio_pause.c
88	101c4ba0	factory_section_set_wifi_address	118	product_name	0	0	0	0	3	3	5		functions/101c4ba0_factory_section_set_wifi_address.c
88	103c7098	dt_sys_control_alarm_activing	72	product_name	0	0	0	0	3	1	5		functions/103c7098_dt_sys_control_alarm_activing.c
88	103c7ea4	dt_precise_timer_callback	92	product_name	0	0	0	0	3	0	4		functions/103c7ea4_dt_precise_timer_callback.c
88	103c7f2c	dt_schedule_timer_callback	70	product_name	0	0	0	0	3	0	4		functions/103c7f2c_dt_schedule_timer_callback.c
88	103c89b0	dt_datetime_set_seconds	70	product_name	0	0	0	0	3	3	2		functions/103c89b0_dt_datetime_set_seconds.c
88	103c8b14	dt_file_read_v2	94	product_name,semantic_review	1	0	0	0	3	2	4		functions/103c8b14_dt_file_read_v2.c
88	103c9950	dt_loop_start	126	product_name	0	0	0	0	3	1	4		functions/103c9950_dt_loop_start.c
88	103d28d4	dt_aud_db_active_seg_hexdump	106	product_name,semantic_review	1	0	0	0	3	1	2		functions/103d28d4_dt_aud_db_active_seg_hexdump.c
88	103d2ff0	dt_aud_db_init_mock	70	product_name,semantic_review	1	0	0	0	3	1	3		functions/103d2ff0_dt_aud_db_init_mock.c
88	103da174	dt_audio_schedule_ensure_dir	66	product_name,semantic_review	1	0	0	0	3	2	3		functions/103da174_dt_audio_schedule_ensure_dir.c
88	103e1ce4	dt_file_trans_init	108	product_name,semantic_review	1	0	0	0	3	1	7		functions/103e1ce4_dt_file_trans_init.c
87	103c70ec	dt_sys_control_alarm_activing_cancel	50	product_name	0	0	0	0	3	1	4		functions/103c70ec_dt_sys_control_alarm_activing_cancel.c
87	103c712c	dt_sys_alarm_ble_conn	58	product_name	0	0	0	0	3	1	5		functions/103c712c_dt_sys_alarm_ble_conn.c
86	101c456c	factory_section_reset	268	product_name,semantic_review	1	0	0	0	2	1	5		functions/101c456c_factory_section_reset.c
86	103c3d84	dt_eshell_help	304	product_name	0	0	0	0	2	1	1		functions/103c3d84_dt_eshell_help.c
85	101c48cc	factory_section_set_bt_name	158	product_name	0	0	0	0	2	3	4		functions/101c48cc_factory_section_set_bt_name.c
85	101c4984	factory_section_set_ble_name	160	product_name	0	0	0	0	2	3	5		functions/101c4984_factory_section_set_ble_name.c
85	101c504c	factory_section_set_serial_number	156	product_name	0	0	0	0	2	1	6		functions/101c504c_factory_section_set_serial_number.c
85	103c5080	dt_kvdb_set_string	164	product_name	0	0	0	0	2	2	6		functions/103c5080_dt_kvdb_set_string.c
85	103d4790	dt_audio_resume	204	product_name,semantic_review,compat_trace	1	1	0	0	2	1	4		functions/103d4790_dt_audio_resume.c
85	103d7b30	dt_audio_control_init	128	product_name,semantic_review	1	0	0	0	2	1	3		functions/103d7b30_dt_audio_control_init.c
84	101c3ff0	factory_copy_data_to_bak_factory	98	product_name,semantic_review	1	0	0	0	2	1	4		functions/101c3ff0_factory_copy_data_to_bak_factory.c
84	101c406c	factory_bak_copy_data_to_factory	98	product_name,semantic_review	1	0	0	0	2	1	4		functions/101c406c_factory_bak_copy_data_to_factory.c
84	101c51f4	FUN_101c51f4	60	product_string	0	0	1	2	2	2	2	####__dtiot_start = %p	functions/101c51f4_FUN_101c51f4.c
84	103c6e00	dt_sys_control	116	product_name	0	0	0	0	2	0	5		functions/103c6e00_dt_sys_control.c
84	103c7328	dt_sys_control_cpufreq_set_by_type	96	product_name	0	0	0	0	2	1	2		functions/103c7328_dt_sys_control_cpufreq_set_by_type.c
84	103c8a44	dt_file_fread	102	product_name,semantic_review	1	0	0	0	2	1	5		functions/103c8a44_dt_file_fread.c
84	103c8b7c	dt_file_fwrite	82	product_name,semantic_review	1	0	0	0	2	1	4		functions/103c8b7c_dt_file_fwrite.c
84	103c9f0c	dt_timer_cancel	106	product_name	0	0	0	0	2	1	4		functions/103c9f0c_dt_timer_cancel.c
84	103dc7cc	dt_dinger_cap_sdk_version_parse	84	product_name,semantic_review	1	0	0	0	2	1	2		functions/103dc7cc_dt_dinger_cap_sdk_version_parse.c
84	103e457c	dt_pm_manager_init	126	product_name	0	0	0	0	2	1	5		functions/103e457c_dt_pm_manager_init.c
83	101c411c	factory_section_bt_open	602	product_name,semantic_review	1	0	0	0	1	1	3		functions/101c411c_factory_section_bt_open.c
83	103c727c	dt_sys_control_pm_event_register	58	product_name	0	0	0	0	2	2	2		functions/103c727c_dt_sys_control_pm_event_register.c
83	103c9690	dt_log_record	32	product_name	0	0	0	0	2	1	1		functions/103c9690_dt_log_record.c
83	103c9cb8	dt_thread_free	36	product_name	0	0	0	0	2	1	2		functions/103c9cb8_dt_thread_free.c
83	103dade8	dt_audio_schedule_on_external_recording_start	40	product_name,semantic_review	1	0	0	0	2	1	3		functions/103dade8_dt_audio_schedule_on_external_recording_start.c
82	1022687c	factory_section_save_date_to_flash	310	product_name,semantic_review	1	0	0	0	1	1	10		functions/1022687c_factory_section_save_date_to_flash.c
82	103c7f0c	dt_normal_timer_callback	22	product_name	0	0	0	0	2	0	2		functions/103c7f0c_dt_normal_timer_callback.c
82	103c9720	dt_loop_thread_func	294	product_name	0	0	0	0	1	0	12		functions/103c9720_dt_loop_thread_func.c
82	103d9a08	dt_audio_send_config	306	product_name,semantic_review	1	0	0	0	1	0	12		functions/103d9a08_dt_audio_send_config.c
81	101c4c34	factory_section_set_wifi_tx_power_ch	128	product_name	0	0	0	0	1	1	4		functions/101c4c34_factory_section_set_wifi_tx_power_ch.c
81	101c5108	factory_section_save_dc_cali_data	182	product_name	0	0	0	0	1	1	4		functions/101c5108_factory_section_save_dc_cali_data.c
81	1030ca7c	FUN_1030ca7c	88	product_string	0	0	1	1	3	1	3	DTIOT HAL Init/Deinit Test	functions/1030ca7c_FUN_1030ca7c.c
81	103dc148	FUN_103dc148	112	product_string	0	0	1	1	3	1	8	dtiot_hal_bt_init failed ret:%d\n	functions/103dc148_FUN_103dc148.c
80	101c4ce8	factory_section_set_wifi_temp	112	product_name	0	0	0	0	1	1	4		functions/101c4ce8_factory_section_set_wifi_temp.c
80	101c4d8c	factory_section_set_bt_tx_power	116	product_name	0	0	0	0	1	1	4		functions/101c4d8c_factory_section_set_bt_tx_power.c
80	101c4e14	factory_section_set_wifi_xtal	86	product_name	0	0	0	0	1	1	4		functions/101c4e14_factory_section_set_wifi_xtal.c
80	101c4e7c	factory_section_set_wifi_power_type	120	product_name	0	0	0	0	1	1	4		functions/101c4e7c_factory_section_set_wifi_power_type.c
80	101c4fb0	factory_section_set_ble_power_control	96	product_name	0	0	0	0	1	1	4		functions/101c4fb0_factory_section_set_ble_power_control.c
80	103ceda8	FUN_103ceda8	34	product_string	0	0	1	2	1	0	1	dtiot_ble_state_change	functions/103ceda8_FUN_103ceda8.c
80	103d6dec	dt_audio_control_ota_event_cb	100	product_name,semantic_review	1	0	0	0	1	0	3		functions/103d6dec_dt_audio_control_ota_event_cb.c
79	103c7bdc	dt_ut_report_notify_auth_changed	48	product_name	0	0	0	0	1	1	4		functions/103c7bdc_dt_ut_report_notify_auth_changed.c
79	103dc74c	FUN_103dc74c	30	product_string	0	0	1	2	1	2	1	Dingtalk A1	functions/103dc74c_FUN_103dc74c.c
79	103e414c	dt_ramlogd	826	product_name	0	0	0	0	0	0	27		functions/103e414c_dt_ramlogd.c
78	103e460c	FUN_103e460c	192	product_string	0	0	1	2	0	1	3	[DTIOT][LOG]pm_filter_check --------------- pm event generated: %s (%d -> %d)\n	functions/103e460c_FUN_103e460c.c
77	103e9214	lnv_key_callback	136	product_name	0	0	0	0	0	0	2		functions/103e9214_lnv_key_callback.c
75	101c3ef4	factory_callback	36	product_name	0	0	0	0	0	0	1		functions/101c3ef4_factory_callback.c
75	102adf00	dtiot_led_red_on	54	product_name	0	0	0	0	0	4	4		functions/102adf00_dtiot_led_red_on.c
75	102adf48	dtiot_led_green_on	54	product_name	0	0	0	0	0	4	4		functions/102adf48_dtiot_led_green_on.c
75	102adf90	dtiot_led_blue_on	54	product_name	0	0	0	0	0	4	4		functions/102adf90_dtiot_led_blue_on.c
75	103c7398	FUN_103c7398	18	product_string	0	0	1	1	2	1	2	/emmc/audio	functions/103c7398_FUN_103c7398.c
74	102ae11c	dtiot_led_init	24	product_name	0	0	0	0	0	1	2		functions/102ae11c_dtiot_led_init.c
74	102ae13c	dtiot_led_deinit	24	product_name	0	0	0	0	0	1	2		functions/102ae13c_dtiot_led_deinit.c
74	103db6e4	FUN_103db6e4	172	product_string	0	0	1	1	1	2	5	dtiot_hal_bt_send failed ret:%d len %d\n	functions/103db6e4_FUN_103db6e4.c
73	103db16c	FUN_103db16c	100	product_string	0	0	1	1	1	0	3	dtiot_hal_bt_config failed ret=%d,interval:%d,rssi:%d\n	functions/103db16c_FUN_103db16c.c
73	103db1e0	FUN_103db1e0	100	product_string	0	0	1	1	1	0	3	dtiot_hal_bt_config failed ret=%d,interval:%d,rssi:%d\n	functions/103db1e0_FUN_103db1e0.c
72	103ced7c	FUN_103ced7c	32	product_string	0	0	1	1	1	0	1	on_dtiot_ble_connect_state_change err!!!\n	functions/103ced7c_FUN_103ced7c.c
72	103e8d00	FUN_103e8d00	60	product_string	0	0	1	1	1	1	1	/dev/dingtalk	functions/103e8d00_FUN_103e8d00.c
71	10300498	FUN_10300498	306	product_string	0	0	1	1	0	3	6	"'#;\n 10278eba 10278e90 FUN_10278e90 10498ea8 StackUsed: 1027944c 10279248 FUN_10279248 10498eb3 StackSize: 102792fe 10279248 FUN_10279248 10498ebe SigMask: 1027942c 10279248 FUN_10279248 10498ec7 Scheduler: 10279414 10279248 FUN_102792"	functions/10300498_FUN_10300498.c
71	10308c38	FUN_10308c38	28	product_string	0	0	1	1	1	0	2	[DTIOT]ddc----------- Input %d commands\n	functions/10308c38_FUN_10308c38.c
71	103e7cc8	FUN_103e7cc8	30	product_string	0	0	1	1	1	3	1	Error: dtiot_ble_receive callback is NULL	functions/103e7cc8_FUN_103e7cc8.c
71	103e8d70	FUN_103e8d70	382	product_string	0	0	1	1	0	0	10	/dev/dingtalk	functions/103e8d70_FUN_103e8d70.c
70	10294c48	FUN_10294c48	128	product_string	0	0	1	1	0	0	4	/home/jell/ding_nuttx_0701/boards/best1700_ep/dtiot_2800hp/configs/ap	functions/10294c48_FUN_10294c48.c
70	10303cb8	FUN_10303cb8	156	product_string	0	0	1	1	0	1	1	besbt coremark	functions/10303cb8_FUN_10303cb8.c
70	103e8690	FUN_103e8690	134	product_string	0	0	1	1	0	0	2	/dev/dingtalk	functions/103e8690_FUN_103e8690.c
69	10228328	FUN_10228328	74	product_string	0	0	1	1	0	3	2	bwifi_get_current_ssid	functions/10228328_FUN_10228328.c
69	10228388	FUN_10228388	74	product_string	0	0	1	1	0	4	2	bwifi_get_current_bssid	functions/10228388_FUN_10228388.c
68	103cfd50	FUN_103cfd50	50	product_string	0	0	1	1	0	0	2	DTIOT_SDK_R_V1.0.0	functions/103cfd50_FUN_103cfd50.c
68	103e8388	FUN_103e8388	44	product_string	0	0	1	1	0	0	0	DingTalk Interface	functions/103e8388_FUN_103e8388.c
67	103e83dc	FUN_103e83dc	20	product_string	0	0	1	1	0	0	2	/dev/dingtalk	functions/103e83dc_FUN_103e83dc.c
66	10303e18	FUN_10303e18	14	product_string	0	0	1	1	0	1	1	coremark_test	functions/10303e18_FUN_10303e18.c
47	103d2640	FUN_103d2640	170	semantic_review,compat_trace	1	1	1	0	10	8	4		functions/103d2640_FUN_103d2640.c
46	10266070	FUN_10266070	94	direct_call_neighbor	0	0	1	0	10	149	6		functions/10266070_FUN_10266070.c
46	103d0d80	FUN_103d0d80	70	direct_call_neighbor	0	0	1	0	32	34	2		functions/103d0d80_FUN_103d0d80.c
45	1022d5a4	FUN_1022d5a4	34	direct_call_neighbor	0	0	1	0	14	26	0		functions/1022d5a4_FUN_1022d5a4.c
45	1025a6ec	FUN_1025a6ec	58	direct_call_neighbor	0	0	1	0	30	200	4		functions/1025a6ec_FUN_1025a6ec.c
45	10265f40	FUN_10265f40	56	direct_call_neighbor	0	0	1	0	16	46	2		functions/10265f40_FUN_10265f40.c
45	10265f78	FUN_10265f78	60	direct_call_neighbor	0	0	1	0	25	291	3		functions/10265f78_FUN_10265f78.c
45	1026998a	FUN_1026998a	40	direct_call_neighbor	0	0	1	0	12	64	1		functions/1026998a_FUN_1026998a.c
45	102699e8	FUN_102699e8	34	direct_call_neighbor	0	0	1	0	10	124	0		functions/102699e8_FUN_102699e8.c
45	10269a48	FUN_10269a48	34	direct_call_neighbor	0	0	1	0	56	1212	1		functions/10269a48_FUN_10269a48.c
45	1026bdbc	FUN_1026bdbc	54	direct_call_neighbor	0	0	1	0	24	118	1		functions/1026bdbc_FUN_1026bdbc.c
45	1028e670	FUN_1028e670	42	direct_call_neighbor	0	0	1	0	12	29	2		functions/1028e670_FUN_1028e670.c
45	103c5220	FUN_103c5220	38	direct_call_neighbor	0	0	1	0	12	12	3		functions/103c5220_FUN_103c5220.c
45	103c8928	FUN_103c8928	50	direct_call_neighbor	0	0	1	0	21	25	1		functions/103c8928_FUN_103c8928.c
45	103c8960	FUN_103c8960	58	direct_call_neighbor	0	0	1	0	17	20	1		functions/103c8960_FUN_103c8960.c
45	103d0eac	FUN_103d0eac	40	direct_call_neighbor	0	0	1	0	17	17	3		functions/103d0eac_FUN_103d0eac.c
45	103d0eee	FUN_103d0eee	42	direct_call_neighbor	0	0	1	0	16	16	1		functions/103d0eee_FUN_103d0eee.c
45	103d9b8c	FUN_103d9b8c	52	direct_call_neighbor	0	0	1	0	11	11	1		functions/103d9b8c_FUN_103d9b8c.c
44	1021d51c	FUN_1021d51c	26	direct_call_neighbor	0	0	1	0	28	653	1		functions/1021d51c_FUN_1021d51c.c
44	10264bc0	FUN_10264bc0	22	direct_call_neighbor	0	0	1	0	18	582	1		functions/10264bc0_FUN_10264bc0.c
44	1026bf44	FUN_1026bf44	16	direct_call_neighbor	0	0	1	0	33	1078	1		functions/1026bf44_FUN_1026bf44.c
44	1026bf58	FUN_1026bf58	30	direct_call_neighbor	0	0	1	0	14	409	2		functions/1026bf58_FUN_1026bf58.c
44	1028dcf0	FUN_1028dcf0	28	direct_call_neighbor	0	0	1	0	19	214	2		functions/1028dcf0_FUN_1028dcf0.c
44	1028f3a2	FUN_1028f3a2	30	direct_call_neighbor	0	0	1	0	10	36	2		functions/1028f3a2_FUN_1028f3a2.c
44	103c8800	FUN_103c8800	24	direct_call_neighbor	0	0	1	0	11	16	2		functions/103c8800_FUN_103c8800.c
44	103c9bae	FUN_103c9bae	16	direct_call_neighbor	0	0	1	0	14	14	2		functions/103c9bae_FUN_103c9bae.c
44	103cfd38	FUN_103cfd38	20	direct_call_neighbor	0	0	1	0	20	23	1		functions/103cfd38_FUN_103cfd38.c
44	103d0e52	FUN_103d0e52	16	direct_call_neighbor	0	0	1	0	16	16	1		functions/103d0e52_FUN_103d0e52.c
44	103d0e74	FUN_103d0e74	28	direct_call_neighbor	0	0	1	0	23	23	1		functions/103d0e74_FUN_103d0e74.c
44	103d0f18	FUN_103d0f18	30	direct_call_neighbor	0	0	1	0	10	10	2		functions/103d0f18_FUN_103d0f18.c
44	103d0f46	FUN_103d0f46	16	direct_call_neighbor	0	0	1	0	17	17	1		functions/103d0f46_FUN_103d0f46.c
44	103e3c04	FUN_103e3c04	404	direct_call_neighbor	0	0	1	0	9	8	6		functions/103e3c04_FUN_103e3c04.c
43	10265a8c	FUN_10265a8c	12	direct_call_neighbor	0	0	1	0	30	194	1		functions/10265a8c_FUN_10265a8c.c
43	10267c9e	FUN_10267c9e	246	direct_call_neighbor	0	0	1	0	9	57	9		functions/10267c9e_FUN_10267c9e.c
43	103c7b88	FUN_103c7b88	8	direct_call_neighbor	0	0	1	0	20	20	0		functions/103c7b88_FUN_103c7b88.c
43	103c9b88	FUN_103c9b88	12	direct_call_neighbor	0	0	1	0	30	51	1		functions/103c9b88_FUN_103c9b88.c
43	103c9bc4	FUN_103c9bc4	10	direct_call_neighbor	0	0	1	0	63	82	1		functions/103c9bc4_FUN_103c9bc4.c
43	103c9bce	FUN_103c9bce	10	direct_call_neighbor	0	0	1	0	64	83	1		functions/103c9bce_FUN_103c9bce.c
43	103c9ce4	FUN_103c9ce4	14	direct_call_neighbor	0	0	1	0	11	12	1		functions/103c9ce4_FUN_103c9ce4.c
43	103d0e34	FUN_103d0e34	14	direct_call_neighbor	0	0	1	0	27	27	1		functions/103d0e34_FUN_103d0e34.c
42	103d22f8	FUN_103d22f8	70	direct_call_neighbor	0	0	1	0	9	10	2		functions/103d22f8_FUN_103d22f8.c
42	103d6e70	update_audio_state	92	semantic_review,compat_trace	1	1	0	0	9	8	2		functions/103d6e70_update_audio_state.c
42	104012d8	thunk_EXT_FUN_001000b8	4	direct_call_neighbor	0	0	1	0	91	1255	0		functions/104012d8_thunk_EXT_FUN_001000b8.c
42	104013e8	thunk_EXT_FUN_00100108	4	direct_call_neighbor	0	0	1	0	11	263	0		functions/104013e8_thunk_EXT_FUN_00100108.c
42	104014b0	thunk_EXT_FUN_001000a0	4	direct_call_neighbor	0	0	1	0	43	639	0		functions/104014b0_thunk_EXT_FUN_001000a0.c
42	10401540	thunk_EXT_FUN_00100300	4	direct_call_neighbor	0	0	1	0	55	613	0		functions/10401540_thunk_EXT_FUN_00100300.c
41	10265cdc	FUN_10265cdc	40	direct_call_neighbor	0	0	1	0	9	43	2		functions/10265cdc_FUN_10265cdc.c
41	10265f14	FUN_10265f14	44	direct_call_neighbor	0	0	1	0	9	306	2		functions/10265f14_FUN_10265f14.c
41	1028f922	FUN_1028f922	54	direct_call_neighbor	0	0	1	0	9	18	4		functions/1028f922_FUN_1028f922.c
41	102a2eac	FUN_102a2eac	50	direct_call_neighbor	0	0	1	0	9	73	1		functions/102a2eac_FUN_102a2eac.c
41	103d2370	FUN_103d2370	40	direct_call_neighbor	0	0	1	0	9	9	3		functions/103d2370_FUN_103d2370.c
41	103d23b2	FUN_103d23b2	42	direct_call_neighbor	0	0	1	0	9	9	1		functions/103d23b2_FUN_103d23b2.c
40	103c500c	FUN_103c500c	18	semantic_review,compat_trace	1	1	1	0	9	11	1		functions/103c500c_FUN_103c500c.c
40	103ce5f4	FUN_103ce5f4	20	direct_call_neighbor	0	0	1	0	9	9	1		functions/103ce5f4_FUN_103ce5f4.c
40	103d2344	FUN_103d2344	16	direct_call_neighbor	0	0	1	0	9	9	1		functions/103d2344_FUN_103d2344.c
40	103d23dc	FUN_103d23dc	30	direct_call_neighbor	0	0	1	0	9	9	2		functions/103d23dc_FUN_103d23dc.c
40	103d240a	FUN_103d240a	16	direct_call_neighbor	0	0	1	0	9	9	1		functions/103d240a_FUN_103d240a.c
40	103d7360	stop_chat_stream_internal	404	semantic_review,compat_trace	1	1	0	0	8	2	10		functions/103d7360_stop_chat_stream_internal.c
38	103d27e8	FUN_103d27e8	70	semantic_review,compat_trace	1	1	1	0	8	5	4		functions/103d27e8_FUN_103d27e8.c
37	10267c64	FUN_10267c64	58	direct_call_neighbor	0	0	1	0	8	56	4		functions/10267c64_FUN_10267c64.c
37	1028e9a8	FUN_1028e9a8	58	direct_call_neighbor	0	0	1	0	8	99	2		functions/1028e9a8_FUN_1028e9a8.c
36	102699d4	FUN_102699d4	20	direct_call_neighbor	0	0	1	0	8	106	0		functions/102699d4_FUN_102699d4.c
36	1028ee24	FUN_1028ee24	24	direct_call_neighbor	0	0	1	0	8	58	1		functions/1028ee24_FUN_1028ee24.c
36	103c73b0	FUN_103c73b0	28	direct_call_neighbor	0	0	1	0	8	7	3		functions/103c73b0_FUN_103c73b0.c
35	102688be	FUN_102688be	158	direct_call_neighbor	0	0	1	0	7	11	3		functions/102688be_FUN_102688be.c
35	103d4234	FUN_103d4234	148	direct_call_neighbor	0	0	1	0	7	6	5		functions/103d4234_FUN_103d4234.c
35	103e5e64	FUN_103e5e64	156	direct_call_neighbor	0	0	1	0	7	7	3		functions/103e5e64_FUN_103e5e64.c
34	103d4898	FUN_103d4898	64	semantic_review,compat_trace	1	1	1	0	7	7	4		functions/103d4898_FUN_103d4898.c
34	103d6f78	resume_recording_internal	118	semantic_review,compat_trace	1	1	0	0	7	3	6		functions/103d6f78_resume_recording_internal.c
34	103db7ec	FUN_103db7ec	106	direct_call_neighbor	0	0	1	0	7	3	7		functions/103db7ec_FUN_103db7ec.c
33	103c902e	FUN_103c902e	38	semantic_review,compat_trace	1	1	1	0	7	9	0		functions/103c902e_FUN_103c902e.c
33	103dd7b4	FUN_103dd7b4	634	direct_call_neighbor	0	0	1	0	6	0	9		functions/103dd7b4_FUN_103dd7b4.c
33	103e1374	FUN_103e1374	732	semantic_review,compat_trace	1	1	1	0	6	0	12		functions/103e1374_FUN_103e1374.c
32	103ceea4	FUN_103ceea4	20	direct_call_neighbor	0	0	1	0	7	10	1		functions/103ceea4_FUN_103ceea4.c
32	103dc3bc	FUN_103dc3bc	18	semantic_review	1	0	1	0	7	13	0		functions/103dc3bc_FUN_103dc3bc.c
32	103e5e38	FUN_103e5e38	16	direct_call_neighbor	0	0	1	0	7	7	1		functions/103e5e38_FUN_103e5e38.c
32	103fe650	FUN_103fe650	28	direct_call_neighbor	0	0	1	0	7	46	1		functions/103fe650_FUN_103fe650.c
31	101c3ce4	FUN_101c3ce4	252	direct_call_neighbor	0	0	1	0	6	0	15		functions/101c3ce4_FUN_101c3ce4.c
31	101c3dfc	FUN_101c3dfc	184	direct_call_neighbor	0	0	1	0	6	0	15		functions/101c3dfc_FUN_101c3dfc.c
31	10273a1c	FUN_10273a1c	188	direct_call_neighbor	0	0	1	0	6	13	10		functions/10273a1c_FUN_10273a1c.c
31	103d9bf4	FUN_103d9bf4	10	semantic_review,compat_trace	1	1	1	0	7	6	1		functions/103d9bf4_FUN_103d9bf4.c
31	103e6640	FUN_103e6640	188	direct_call_neighbor	0	0	1	0	6	6	1		functions/103e6640_FUN_103e6640.c
30	103d6ee4	pause_recording_internal	118	semantic_review,compat_trace	1	1	0	0	6	2	6		functions/103d6ee4_pause_recording_internal.c
30	103d7714	start_translate_streaming_internal	120	semantic_review	1	0	0	0	6	2	5		functions/103d7714_start_translate_streaming_internal.c
29	10269a6a	FUN_10269a6a	44	direct_call_neighbor	0	0	1	0	6	36	1		functions/10269a6a_FUN_10269a6a.c
29	103c51b4	FUN_103c51b4	36	direct_call_neighbor	0	0	1	0	6	6	3		functions/103c51b4_FUN_103c51b4.c
29	103c8d0a	FUN_103c8d0a	54	direct_call_neighbor	0	0	1	0	6	10	3		functions/103c8d0a_FUN_103c8d0a.c
29	103d176c	FUN_103d176c	60	semantic_review,compat_trace	1	1	1	0	6	6	4		functions/103d176c_FUN_103d176c.c
28	1030be50	FUN_1030be50	304	direct_call_neighbor	0	0	1	0	5	1	6		functions/1030be50_FUN_1030be50.c
28	1030c788	FUN_1030c788	288	direct_call_neighbor	0	0	1	0	5	1	6		functions/1030c788_FUN_1030c788.c
28	103711a4	FUN_103711a4	28	direct_call_neighbor	0	0	1	0	6	8	2		functions/103711a4_FUN_103711a4.c
28	103c899a	FUN_103c899a	20	direct_call_neighbor	0	0	1	0	6	6	2		functions/103c899a_FUN_103c899a.c
28	103e583c	FUN_103e583c	16	direct_call_neighbor	0	0	1	0	6	5	1		functions/103e583c_FUN_103e583c.c
27	10257734	hal_usb_recv_epn_complete	2058	direct_call_neighbor	0	0	0	0	4	1	23		functions/10257734_hal_usb_recv_epn_complete.c
27	1030c90c	FUN_1030c90c	136	direct_call_neighbor	0	0	1	0	5	1	6		functions/1030c90c_FUN_1030c90c.c
27	1030c9c4	FUN_1030c9c4	136	direct_call_neighbor	0	0	1	0	5	1	6		functions/1030c9c4_FUN_1030c9c4.c
27	103d2700	FUN_103d2700	202	semantic_review,compat_trace	1	1	1	0	5	1	5		functions/103d2700_FUN_103d2700.c
27	103d8888	FUN_103d8888	206	direct_call_neighbor	0	0	1	0	5	1	11		functions/103d8888_FUN_103d8888.c
27	103dc014	FUN_103dc014	10	direct_call_neighbor	0	0	1	0	6	7	0		functions/103dc014_FUN_103dc014.c
27	103e1af4	FUN_103e1af4	224	semantic_review	1	0	1	0	5	0	9		functions/103e1af4_FUN_103e1af4.c
26	103c8654	FUN_103c8654	118	direct_call_neighbor	0	0	1	0	5	4	4		functions/103c8654_FUN_103c8654.c
26	103d25e8	FUN_103d25e8	76	semantic_review	1	0	1	0	5	2	4		functions/103d25e8_FUN_103d25e8.c
26	103da0fc	FUN_103da0fc	114	semantic_review,compat_trace	1	1	1	0	5	4	1		functions/103da0fc_FUN_103da0fc.c
26	103dc2c0	FUN_103dc2c0	78	direct_call_neighbor	0	0	1	0	5	1	6		functions/103dc2c0_FUN_103dc2c0.c
26	103e3b90	FUN_103e3b90	86	direct_call_neighbor	0	0	1	0	5	1	5		functions/103e3b90_FUN_103e3b90.c
26	104013f8	thunk_EXT_FUN_00103108	4	direct_call_neighbor	0	0	1	0	6	19	0		functions/104013f8_thunk_EXT_FUN_00103108.c
25	10267db0	FUN_10267db0	46	direct_call_neighbor	0	0	1	0	5	21	3		functions/10267db0_FUN_10267db0.c
25	103c9000	FUN_103c9000	46	direct_call_neighbor	0	0	1	0	5	5	2		functions/103c9000_FUN_103c9000.c
25	103d7e50	FUN_103d7e50	38	semantic_review,compat_trace	1	1	1	0	5	5	2		functions/103d7e50_FUN_103d7e50.c
24	10267f28	FUN_10267f28	20	direct_call_neighbor	0	0	1	0	5	15	1		functions/10267f28_FUN_10267f28.c
24	10269a0a	FUN_10269a0a	26	direct_call_neighbor	0	0	1	0	5	35	0		functions/10269a0a_FUN_10269a0a.c
24	1030c514	FUN_1030c514	298	direct_call_neighbor	0	0	1	0	4	1	6		functions/1030c514_FUN_1030c514.c
24	103e5e48	FUN_103e5e48	26	direct_call_neighbor	0	0	1	0	5	5	0		functions/103e5e48_FUN_103e5e48.c
23	102adcd0	FUN_102adcd0	144	direct_call_neighbor	0	0	1	0	4	6	4		functions/102adcd0_FUN_102adcd0.c
23	1030c43c	FUN_1030c43c	158	direct_call_neighbor	0	0	1	0	4	1	4		functions/1030c43c_FUN_1030c43c.c
23	103cf110	FUN_103cf110	12	direct_call_neighbor	0	0	1	0	5	4	1		functions/103cf110_FUN_103cf110.c
23	103d5068	FUN_103d5068	242	direct_call_neighbor	0	0	1	0	4	3	7		functions/103d5068_FUN_103d5068.c
23	103d712c	handle_stream_start	200	semantic_review	1	0	0	0	4	2	6		functions/103d712c_handle_stream_start.c
22	103d2594	FUN_103d2594	72	semantic_review	1	0	1	0	4	1	4		functions/103d2594_FUN_103d2594.c
22	103db690	FUN_103db690	80	direct_call_neighbor	0	0	1	0	4	4	2		functions/103db690_FUN_103db690.c
22	103e4728	FUN_103e4728	78	direct_call_neighbor	0	0	1	0	4	4	3		functions/103e4728_FUN_103e4728.c
21	10265c28	FUN_10265c28	40	direct_call_neighbor	0	0	1	0	4	24	2		functions/10265c28_FUN_10265c28.c
21	10265c50	FUN_10265c50	44	direct_call_neighbor	0	0	1	0	4	34	2		functions/10265c50_FUN_10265c50.c
21	102b8258	FUN_102b8258	56	direct_call_neighbor	0	0	1	0	4	27	4		functions/102b8258_FUN_102b8258.c
21	102b8290	FUN_102b8290	40	direct_call_neighbor	0	0	1	0	4	28	3		functions/102b8290_FUN_102b8290.c
21	102b82b8	FUN_102b82b8	38	direct_call_neighbor	0	0	1	0	4	26	2		functions/102b82b8_FUN_102b82b8.c
21	103c86ec	FUN_103c86ec	60	direct_call_neighbor	0	0	1	0	4	3	4		functions/103c86ec_FUN_103c86ec.c
21	103dba4c	FUN_103dba4c	782	direct_call_neighbor	0	0	1	0	3	0	8		functions/103dba4c_FUN_103dba4c.c
20	1021dcb8	FUN_1021dcb8	354	direct_call_neighbor	0	0	1	0	3	10	7		functions/1021dcb8_FUN_1021dcb8.c
20	10265974	FUN_10265974	28	direct_call_neighbor	0	0	1	0	4	39	0		functions/10265974_FUN_10265974.c
20	102659be	FUN_102659be	20	direct_call_neighbor	0	0	1	0	4	27	0		functions/102659be_FUN_102659be.c
20	10265a18	FUN_10265a18	24	direct_call_neighbor	0	0	1	0	4	51	1		functions/10265a18_FUN_10265a18.c
20	1028f5ca	FUN_1028f5ca	24	direct_call_neighbor	0	0	1	0	4	56	1		functions/1028f5ca_FUN_1028f5ca.c
20	1030b8d0	FUN_1030b8d0	354	direct_call_neighbor	0	0	1	0	3	0	11		functions/1030b8d0_FUN_1030b8d0.c
20	103c4c2c	FUN_103c4c2c	430	direct_call_neighbor	0	0	1	0	3	2	9		functions/103c4c2c_FUN_103c4c2c.c
20	103c9054	FUN_103c9054	28	direct_call_neighbor	0	0	1	0	4	3	2		functions/103c9054_FUN_103c9054.c
20	103d4098	FUN_103d4098	356	direct_call_neighbor	0	0	1	0	3	3	7		functions/103d4098_FUN_103d4098.c
20	103dd278	FUN_103dd278	260	direct_call_neighbor	0	0	1	0	3	3	12		functions/103dd278_FUN_103dd278.c
20	103e1230	FUN_103e1230	280	semantic_review	1	0	1	0	3	0	13		functions/103e1230_FUN_103e1230.c
19	10264b6c	FUN_10264b6c	14	direct_call_neighbor	0	0	1	0	4	1486	2		functions/10264b6c_FUN_10264b6c.c
19	1028e69c	FUN_1028e69c	190	direct_call_neighbor	0	0	1	0	3	23	9		functions/1028e69c_FUN_1028e69c.c
19	102adfd8	FUN_102adfd8	202	direct_call_neighbor	0	0	1	0	3	1	7		functions/102adfd8_FUN_102adfd8.c
19	1030c2d4	FUN_1030c2d4	140	direct_call_neighbor	0	0	1	0	3	1	5		functions/1030c2d4_FUN_1030c2d4.c
19	103c744c	FUN_103c744c	148	direct_call_neighbor	0	0	1	0	3	2	3		functions/103c744c_FUN_103c744c.c
19	103d16dc	FUN_103d16dc	138	direct_call_neighbor	0	0	1	0	3	3	2		functions/103d16dc_FUN_103d16dc.c
19	103dc640	FUN_103dc640	8	semantic_review,compat_trace	1	1	1	0	4	6	0		functions/103dc640_FUN_103dc640.c
19	103dcf44	FUN_103dcf44	150	direct_call_neighbor	0	0	1	0	3	2	6		functions/103dcf44_FUN_103dcf44.c
18	1025a69c	FUN_1025a69c	76	direct_call_neighbor	0	0	1	0	3	34	6		functions/1025a69c_FUN_1025a69c.c
18	102ae0ac	FUN_102ae0ac	92	direct_call_neighbor	0	0	1	0	3	0	5		functions/102ae0ac_FUN_102ae0ac.c
18	102b348c	FUN_102b348c	72	direct_call_neighbor	0	0	1	0	3	11	1		functions/102b348c_FUN_102b348c.c
18	1030bfe8	FUN_1030bfe8	98	direct_call_neighbor	0	0	1	0	3	1	3		functions/1030bfe8_FUN_1030bfe8.c
18	103c8728	FUN_103c8728	82	direct_call_neighbor	0	0	1	0	3	3	4		functions/103c8728_FUN_103c8728.c
18	103d24d8	FUN_103d24d8	102	semantic_review	1	0	1	0	3	3	0		functions/103d24d8_FUN_103d24d8.c
18	103d2544	FUN_103d2544	78	semantic_review	1	0	1	0	3	2	1		functions/103d2544_FUN_103d2544.c
18	103d6bf8	FUN_103d6bf8	120	semantic_review,compat_trace	1	1	1	0	3	3	3		functions/103d6bf8_FUN_103d6bf8.c
18	103d7d78	schedule_start_recording	86	semantic_review	1	0	0	0	3	1	4		functions/103d7d78_schedule_start_recording.c
18	103d7de8	FUN_103d7de8	84	direct_call_neighbor	0	0	1	0	3	1	4		functions/103d7de8_FUN_103d7de8.c
18	103d7ea8	FUN_103d7ea8	66	direct_call_neighbor	0	0	1	0	3	1	3		functions/103d7ea8_FUN_103d7ea8.c
18	103da0b4	FUN_103da0b4	66	semantic_review,compat_trace	1	1	1	0	3	2	1		functions/103da0b4_FUN_103da0b4.c
18	103e5850	FUN_103e5850	86	direct_call_neighbor	0	0	1	0	3	2	2		functions/103e5850_FUN_103e5850.c
18	103e6dc8	FUN_103e6dc8	124	semantic_review	1	0	1	0	3	2	7		functions/103e6dc8_FUN_103e6dc8.c
18	10401330	thunk_EXT_FUN_0012b078	4	direct_call_neighbor	0	0	1	0	4	20	0		functions/10401330_thunk_EXT_FUN_0012b078.c
18	10401360	thunk_EXT_FUN_001022a0	4	direct_call_neighbor	0	0	1	0	4	214	0		functions/10401360_thunk_EXT_FUN_001022a0.c
18	104015a0	thunk_EXT_FUN_0010227c	4	direct_call_neighbor	0	0	1	0	4	214	0		functions/104015a0_thunk_EXT_FUN_0010227c.c
17	1024e43c	FUN_1024e43c	48	semantic_review	1	0	1	0	3	3	2		functions/1024e43c_FUN_1024e43c.c
17	1025a66e	FUN_1025a66e	44	direct_call_neighbor	0	0	1	0	3	41	1		functions/1025a66e_FUN_1025a66e.c
17	1025fa10	FUN_1025fa10	54	direct_call_neighbor	0	0	1	0	3	11	2		functions/1025fa10_FUN_1025fa10.c
17	10265b94	FUN_10265b94	46	direct_call_neighbor	0	0	1	0	3	25	2		functions/10265b94_FUN_10265b94.c
17	1026bd7c	FUN_1026bd7c	60	direct_call_neighbor	0	0	1	0	3	38	1		functions/1026bd7c_FUN_1026bd7c.c
17	1028ee3c	FUN_1028ee3c	710	direct_call_neighbor	0	0	1	0	2	8	12		functions/1028ee3c_FUN_1028ee3c.c
17	102ac6a0	FUN_102ac6a0	40	direct_call_neighbor	0	0	1	0	3	8	0		functions/102ac6a0_FUN_102ac6a0.c
17	10303e7c	FUN_10303e7c	844	direct_call_neighbor	0	0	1	0	2	0	27		functions/10303e7c_FUN_10303e7c.c
17	103c5174	FUN_103c5174	60	direct_call_neighbor	0	0	1	0	3	3	4		functions/103c5174_FUN_103c5174.c
17	103c51dc	FUN_103c51dc	62	direct_call_neighbor	0	0	1	0	3	3	4		functions/103c51dc_FUN_103c51dc.c
17	103c8848	FUN_103c8848	32	direct_call_neighbor	0	0	1	0	3	3	3		functions/103c8848_FUN_103c8848.c
17	103cbf30	FUN_103cbf30	34	semantic_review	1	0	1	0	3	1	2		functions/103cbf30_FUN_103cbf30.c
17	103cfe2c	FUN_103cfe2c	48	direct_call_neighbor	0	0	1	0	3	3	1		functions/103cfe2c_FUN_103cfe2c.c
17	103d0f80	FUN_103d0f80	42	direct_call_neighbor	0	0	1	0	3	3	0		functions/103d0f80_FUN_103d0f80.c
17	103d241a	FUN_103d241a	58	semantic_review,compat_trace	1	1	1	0	3	3	0		functions/103d241a_FUN_103d241a.c
17	103d2454	FUN_103d2454	62	semantic_review,compat_trace	1	1	1	0	3	3	0		functions/103d2454_FUN_103d2454.c
17	103d2492	FUN_103d2492	50	semantic_review,compat_trace	1	1	1	0	3	3	0		functions/103d2492_FUN_103d2492.c
17	103d3f0c	FUN_103d3f0c	34	direct_call_neighbor	0	0	1	0	3	3	2		functions/103d3f0c_FUN_103d3f0c.c
17	103d72d8	FUN_103d72d8	54	direct_call_neighbor	0	0	1	0	3	2	1		functions/103d72d8_FUN_103d72d8.c
17	103d7ef8	FUN_103d7ef8	56	direct_call_neighbor	0	0	1	0	3	1	5		functions/103d7ef8_FUN_103d7ef8.c
17	103da090	FUN_103da090	34	semantic_review,compat_trace	1	1	1	0	3	3	0		functions/103da090_FUN_103da090.c
17	103db8d0	FUN_103db8d0	56	direct_call_neighbor	0	0	1	0	3	1	4		functions/103db8d0_FUN_103db8d0.c
17	103dc798	FUN_103dc798	46	semantic_review	1	0	1	0	3	3	0		functions/103dc798_FUN_103dc798.c
17	103dfedc	FUN_103dfedc	44	semantic_review	1	0	1	0	3	1	2		functions/103dfedc_FUN_103dfedc.c
17	103e0544	FUN_103e0544	56	direct_call_neighbor	0	0	1	0	3	2	3		functions/103e0544_FUN_103e0544.c
17	103e17b0	FUN_103e17b0	548	semantic_review,compat_trace	1	1	1	0	2	0	8		functions/103e17b0_FUN_103e17b0.c
17	103eb5e0	FUN_103eb5e0	60	direct_call_neighbor	0	0	1	0	3	3	2		functions/103eb5e0_FUN_103eb5e0.c
17	103eb630	FUN_103eb630	56	direct_call_neighbor	0	0	1	0	3	3	2		functions/103eb630_FUN_103eb630.c
17	103fdf64	FUN_103fdf64	44	direct_call_neighbor	0	0	1	0	3	6	3		functions/103fdf64_FUN_103fdf64.c
16	1028ebac	FUN_1028ebac	354	direct_call_neighbor	0	0	1	0	2	16	11		functions/1028ebac_FUN_1028ebac.c
16	1029f4fa	FUN_1029f4fa	28	direct_call_neighbor	0	0	1	0	3	16	2		functions/1029f4fa_FUN_1029f4fa.c
16	102b8098	FUN_102b8098	320	direct_call_neighbor	0	0	1	0	2	10	19		functions/102b8098_FUN_102b8098.c
16	10332a0c	FUN_10332a0c	420	direct_call_neighbor	0	0	1	0	2	12	13		functions/10332a0c_FUN_10332a0c.c
16	103a7dd8	FUN_103a7dd8	24	direct_call_neighbor	0	0	1	0	3	13	1		functions/103a7dd8_FUN_103a7dd8.c
16	103c6b04	FUN_103c6b04	324	semantic_review	1	0	1	0	2	1	2		functions/103c6b04_FUN_103c6b04.c
16	103c74ec	FUN_103c74ec	454	direct_call_neighbor	0	0	1	0	2	0	9		functions/103c74ec_FUN_103c74ec.c
16	103c9b94	FUN_103c9b94	26	direct_call_neighbor	0	0	1	0	3	5	1		functions/103c9b94_FUN_103c9b94.c
16	103cf380	FUN_103cf380	20	direct_call_neighbor	0	0	1	0	3	8	1		functions/103cf380_FUN_103cf380.c
16	103cf844	FUN_103cf844	22	semantic_review	1	0	1	0	3	3	0		functions/103cf844_FUN_103cf844.c
16	103d476c	FUN_103d476c	26	direct_call_neighbor	0	0	1	0	3	3	2		functions/103d476c_FUN_103d476c.c
16	103e008c	FUN_103e008c	282	direct_call_neighbor	0	0	1	0	2	0	5		functions/103e008c_FUN_103e008c.c
16	103e1688	FUN_103e1688	278	semantic_review,compat_trace	1	1	1	0	2	0	5		functions/103e1688_FUN_103e1688.c
16	103e4518	FUN_103e4518	30	direct_call_neighbor	0	0	1	0	3	2	1		functions/103e4518_FUN_103e4518.c
15	101c4758	FUN_101c4758	144	direct_call_neighbor	0	0	1	0	2	3	5		functions/101c4758_FUN_101c4758.c
15	101c47fc	FUN_101c47fc	144	direct_call_neighbor	0	0	1	0	2	3	5		functions/101c47fc_FUN_101c47fc.c
15	1021dcaa	FUN_1021dcaa	14	direct_call_neighbor	0	0	1	0	3	9	2		functions/1021dcaa_FUN_1021dcaa.c
15	1022b168	FUN_1022b168	182	direct_call_neighbor	0	0	1	0	2	0	6		functions/1022b168_FUN_1022b168.c
15	1022c4a8	FUN_1022c4a8	186	direct_call_neighbor	0	0	1	0	2	1	13		functions/1022c4a8_FUN_1022c4a8.c
15	1023388c	FUN_1023388c	132	direct_call_neighbor	0	0	1	0	2	1	8		functions/1023388c_FUN_1023388c.c
15	1024e5d8	FUN_1024e5d8	236	semantic_review,compat_trace	1	1	1	0	2	1	3		functions/1024e5d8_FUN_1024e5d8.c
15	102a2e0c	FUN_102a2e0c	160	direct_call_neighbor	0	0	1	0	2	45	1		functions/102a2e0c_FUN_102a2e0c.c
15	1031475a	FUN_1031475a	144	direct_call_neighbor	0	0	1	0	2	37	9		functions/1031475a_FUN_1031475a.c
15	10370f24	FUN_10370f24	216	direct_call_neighbor	0	0	1	0	2	3	9		functions/10370f24_FUN_10370f24.c
15	10371028	FUN_10371028	174	direct_call_neighbor	0	0	1	0	2	3	9		functions/10371028_FUN_10371028.c
15	103c639c	FUN_103c639c	210	direct_call_neighbor	0	0	1	0	2	3	7		functions/103c639c_FUN_103c639c.c
15	103c6490	FUN_103c6490	134	direct_call_neighbor	0	0	1	0	2	4	3		functions/103c6490_FUN_103c6490.c
15	103c7432	FUN_103c7432	12	direct_call_neighbor	0	0	1	0	3	3	1		functions/103c7432_FUN_103c7432.c
15	103c8908	FUN_103c8908	10	direct_call_neighbor	0	0	1	0	3	5	1		functions/103c8908_FUN_103c8908.c
15	103d0f56	FUN_103d0f56	14	direct_call_neighbor	0	0	1	0	3	3	1		functions/103d0f56_FUN_103d0f56.c
15	103d16ce	FUN_103d16ce	12	direct_call_neighbor	0	0	1	0	3	4	1		functions/103d16ce_FUN_103d16ce.c
15	103d17ae	FUN_103d17ae	158	direct_call_neighbor	0	0	1	0	2	2	0		functions/103d17ae_FUN_103d17ae.c
15	103d283c	FUN_103d283c	132	semantic_review	1	0	1	0	2	1	4		functions/103d283c_FUN_103d283c.c
15	103d7220	FUN_103d7220	148	direct_call_neighbor	0	0	1	0	2	0	5		functions/103d7220_FUN_103d7220.c
15	103dd3a4	FUN_103dd3a4	162	direct_call_neighbor	0	0	1	0	2	1	7		functions/103dd3a4_FUN_103dd3a4.c
15	103e04d0	FUN_103e04d0	12	direct_call_neighbor	0	0	1	0	3	5	0		functions/103e04d0_FUN_103e04d0.c
14	101c9c6c	FUN_101c9c6c	102	direct_call_neighbor	0	0	1	0	2	63	7		functions/101c9c6c_FUN_101c9c6c.c
14	102262cc	FUN_102262cc	1150	direct_call_neighbor	0	0	1	0	1	0	13		functions/102262cc_FUN_102262cc.c
14	1022c9f0	FUN_1022c9f0	100	direct_call_neighbor	0	0	1	0	2	0	8		functions/1022c9f0_FUN_1022c9f0.c
14	10232278	FUN_10232278	90	direct_call_neighbor	0	0	1	0	2	1	5		functions/10232278_FUN_10232278.c
14	102325ac	FUN_102325ac	74	direct_call_neighbor	0	0	1	0	2	1	4		functions/102325ac_FUN_102325ac.c
14	10242314	FUN_10242314	68	direct_call_neighbor	0	0	1	0	2	3	2		functions/10242314_FUN_10242314.c
14	1024c418	hal_key_debounce_handler	1060	direct_call_neighbor	0	0	0	0	1	0	22		functions/1024c418_hal_key_debounce_handler.c
14	1024e6c8	FUN_1024e6c8	1120	semantic_review,compat_trace	1	1	1	0	1	4	7		functions/1024e6c8_FUN_1024e6c8.c
14	10255854	FUN_10255854	68	direct_call_neighbor	0	0	1	0	2	18	2		functions/10255854_FUN_10255854.c
14	1026f5f6	FUN_1026f5f6	110	direct_call_neighbor	0	0	1	0	2	2	6		functions/1026f5f6_FUN_1026f5f6.c
14	1030c07c	FUN_1030c07c	118	direct_call_neighbor	0	0	1	0	2	1	2		functions/1030c07c_FUN_1030c07c.c
14	1030c12c	FUN_1030c12c	96	direct_call_neighbor	0	0	1	0	2	1	2		functions/1030c12c_FUN_1030c12c.c
14	1030cafc	FUN_1030cafc	106	direct_call_neighbor	0	0	1	0	2	1	2		functions/1030cafc_FUN_1030cafc.c
14	103107b0	FUN_103107b0	104	direct_call_neighbor	0	0	1	0	2	4	6		functions/103107b0_FUN_103107b0.c
14	103108b2	FUN_103108b2	64	direct_call_neighbor	0	0	1	0	2	3	4		functions/103108b2_FUN_103108b2.c
14	103c588c	FUN_103c588c	78	direct_call_neighbor	0	0	1	0	2	0	4		functions/103c588c_FUN_103c588c.c
14	103c9de0	FUN_103c9de0	68	direct_call_neighbor	0	0	1	0	2	1	2		functions/103c9de0_FUN_103c9de0.c
14	103ca1b8	FUN_103ca1b8	120	semantic_review	1	0	1	0	2	1	8		functions/103ca1b8_FUN_103ca1b8.c
14	103d184c	FUN_103d184c	72	direct_call_neighbor	0	0	1	0	2	2	0		functions/103d184c_FUN_103d184c.c
14	103d4ff0	FUN_103d4ff0	94	direct_call_neighbor	0	0	1	0	2	3	3		functions/103d4ff0_FUN_103d4ff0.c
14	103db294	FUN_103db294	64	direct_call_neighbor	0	0	1	0	2	0	5		functions/103db294_FUN_103db294.c
14	103db79c	FUN_103db79c	70	direct_call_neighbor	0	0	1	0	2	0	3		functions/103db79c_FUN_103db79c.c
14	103dcddc	FUN_103dcddc	78	direct_call_neighbor	0	0	1	0	2	3	0		functions/103dcddc_FUN_103dcddc.c
14	103dd008	FUN_103dd008	120	direct_call_neighbor	0	0	1	0	2	1	4		functions/103dd008_FUN_103dd008.c
14	103e7c40	FUN_103e7c40	68	direct_call_neighbor	0	0	1	0	2	4	2		functions/103e7c40_FUN_103e7c40.c
14	103e9434	FUN_103e9434	94	direct_call_neighbor	0	0	1	0	2	2	2		functions/103e9434_FUN_103e9434.c
14	103fb3d0	FUN_103fb3d0	84	direct_call_neighbor	0	0	1	0	2	13	4		functions/103fb3d0_FUN_103fb3d0.c
14	104012e0	thunk_EXT_FUN_0012ae9c	4	direct_call_neighbor	0	0	1	0	3	3	0		functions/104012e0_thunk_EXT_FUN_0012ae9c.c
14	10401478	thunk_EXT_FUN_0012aad8	4	direct_call_neighbor	0	0	1	0	3	5	0		functions/10401478_thunk_EXT_FUN_0012aad8.c
13	102322f4	FUN_102322f4	34	direct_call_neighbor	0	0	1	0	2	1	4		functions/102322f4_FUN_102322f4.c
13	102660ce	FUN_102660ce	34	direct_call_neighbor	0	0	1	0	2	50	1		functions/102660ce_FUN_102660ce.c
13	10269920	FUN_10269920	52	direct_call_neighbor	0	0	1	0	2	202	0		functions/10269920_FUN_10269920.c
13	1026bd48	FUN_1026bd48	50	direct_call_neighbor	0	0	1	0	2	8	1		functions/1026bd48_FUN_1026bd48.c
13	1028f4b8	FUN_1028f4b8	32	direct_call_neighbor	0	0	1	0	2	24	2		functions/1028f4b8_FUN_1028f4b8.c
13	102baea8	FUN_102baea8	552	direct_call_neighbor	0	0	1	0	1	11	5		functions/102baea8_FUN_102baea8.c
13	103006ac	FUN_103006ac	512	direct_call_neighbor	0	0	1	0	1	2	7		functions/103006ac_FUN_103006ac.c
13	10309080	lnv_ble_test_main	582	direct_call_neighbor	0	0	0	0	1	0	25		functions/10309080_lnv_ble_test_main.c
13	1030b4c4	FUN_1030b4c4	640	direct_call_neighbor	0	0	1	0	1	0	26		functions/1030b4c4_FUN_1030b4c4.c
13	10310c38	FUN_10310c38	638	direct_call_neighbor	0	0	1	0	1	2	8		functions/10310c38_FUN_10310c38.c
13	1031583a	FUN_1031583a	52	direct_call_neighbor	0	0	1	0	2	16	2		functions/1031583a_FUN_1031583a.c
13	10315dd2	FUN_10315dd2	50	direct_call_neighbor	0	0	1	0	2	78	2		functions/10315dd2_FUN_10315dd2.c
13	10316844	FUN_10316844	818	direct_call_neighbor	0	0	1	0	1	4	12		functions/10316844_FUN_10316844.c
13	10319254	FUN_10319254	32	direct_call_neighbor	0	0	1	0	2	7	1		functions/10319254_FUN_10319254.c
13	10319344	FUN_10319344	32	direct_call_neighbor	0	0	1	0	2	7	1		functions/10319344_FUN_10319344.c
13	103c5b18	FUN_103c5b18	54	direct_call_neighbor	0	0	1	0	2	1	4		functions/103c5b18_FUN_103c5b18.c
13	103c8cd4	FUN_103c8cd4	54	direct_call_neighbor	0	0	1	0	2	2	3		functions/103c8cd4_FUN_103c8cd4.c
13	103d0798	FUN_103d0798	942	direct_call_neighbor	0	0	1	0	1	1	10		functions/103d0798_FUN_103d0798.c
13	103d0b58	FUN_103d0b58	538	direct_call_neighbor	0	0	1	0	1	1	9		functions/103d0b58_FUN_103d0b58.c
13	103d3044	FUN_103d3044	44	direct_call_neighbor	0	0	1	0	2	2	2		functions/103d3044_FUN_103d3044.c
13	103d7324	FUN_103d7324	48	direct_call_neighbor	0	0	1	0	2	2	1		functions/103d7324_FUN_103d7324.c
13	103db494	FUN_103db494	40	direct_call_neighbor	0	0	1	0	2	0	2		functions/103db494_FUN_103db494.c
13	103dcaec	FUN_103dcaec	40	direct_call_neighbor	0	0	1	0	2	2	2		functions/103dcaec_FUN_103dcaec.c
13	103dcb24	FUN_103dcb24	46	direct_call_neighbor	0	0	1	0	2	1	3		functions/103dcb24_FUN_103dcb24.c
13	103dcdb0	FUN_103dcdb0	34	direct_call_neighbor	0	0	1	0	2	2	0		functions/103dcdb0_FUN_103dcdb0.c
13	103dd188	FUN_103dd188	36	direct_call_neighbor	0	0	1	0	2	1	2		functions/103dd188_FUN_103dd188.c
13	103dd1f4	FUN_103dd1f4	60	direct_call_neighbor	0	0	1	0	2	1	4		functions/103dd1f4_FUN_103dd1f4.c
13	103dd248	FUN_103dd248	46	direct_call_neighbor	0	0	1	0	2	3	4		functions/103dd248_FUN_103dd248.c
13	103e0224	FUN_103e0224	36	direct_call_neighbor	0	0	1	0	2	0	3		functions/103e0224_FUN_103e0224.c
13	103e0250	FUN_103e0250	36	direct_call_neighbor	0	0	1	0	2	0	3		functions/103e0250_FUN_103e0250.c
13	103e3e6c	FUN_103e3e6c	616	direct_call_neighbor	0	0	1	0	1	1	24		functions/103e3e6c_FUN_103e3e6c.c
13	103e7bfc	FUN_103e7bfc	56	direct_call_neighbor	0	0	1	0	2	4	1		functions/103e7bfc_FUN_103e7bfc.c
13	103e7c94	FUN_103e7c94	38	direct_call_neighbor	0	0	1	0	2	4	2		functions/103e7c94_FUN_103e7c94.c
13	103e7d4c	FUN_103e7d4c	62	direct_call_neighbor	0	0	1	0	2	3	2		functions/103e7d4c_FUN_103e7d4c.c
13	103e7df8	FUN_103e7df8	58	direct_call_neighbor	0	0	1	0	2	4	2		functions/103e7df8_FUN_103e7df8.c
13	103eb97c	FUN_103eb97c	56	direct_call_neighbor	0	0	1	0	2	2	2		functions/103eb97c_FUN_103eb97c.c
13	103fd2d4	FUN_103fd2d4	582	direct_call_neighbor	0	0	1	0	1	2	9		functions/103fd2d4_FUN_103fd2d4.c
13	103fe778	FUN_103fe778	62	direct_call_neighbor	0	0	1	0	2	10	2		functions/103fe778_FUN_103fe778.c
13	103ff08c	FUN_103ff08c	712	direct_call_neighbor	0	0	1	0	1	1	19		functions/103ff08c_FUN_103ff08c.c
12	101c43e8	FUN_101c43e8	304	direct_call_neighbor	0	0	1	0	1	1	3		functions/101c43e8_FUN_101c43e8.c
12	101c4b88	FUN_101c4b88	20	direct_call_neighbor	0	0	1	0	2	3	0		functions/101c4b88_FUN_101c4b88.c
12	101c5508	FUN_101c5508	16	direct_call_neighbor	0	0	1	0	2	2	1		functions/101c5508_FUN_101c5508.c
12	1023015c	FUN_1023015c	360	direct_call_neighbor	0	0	1	0	1	1	13		functions/1023015c_FUN_1023015c.c
12	1023260c	FUN_1023260c	20	direct_call_neighbor	0	0	1	0	2	1	2		functions/1023260c_FUN_1023260c.c
12	10240176	FUN_10240176	278	direct_call_neighbor	0	0	1	0	1	2	2		functions/10240176_FUN_10240176.c
12	1024cd3c	lnv_debounce_timer	332	direct_call_neighbor	0	0	0	0	1	2	17		functions/1024cd3c_lnv_debounce_timer.c
12	1024e470	FUN_1024e470	346	semantic_review,compat_trace	1	1	1	0	1	1	1		functions/1024e470_FUN_1024e470.c
12	102592c0	FUN_102592c0	344	direct_call_neighbor	0	0	1	0	1	1	10		functions/102592c0_FUN_102592c0.c
12	1025d65c	FUN_1025d65c	274	direct_call_neighbor	0	0	1	0	1	10	12		functions/1025d65c_FUN_1025d65c.c
12	10265994	FUN_10265994	22	direct_call_neighbor	0	0	1	0	2	16	0		functions/10265994_FUN_10265994.c
12	102659d2	FUN_102659d2	20	direct_call_neighbor	0	0	1	0	2	24	0		functions/102659d2_FUN_102659d2.c
12	1026605a	FUN_1026605a	22	direct_call_neighbor	0	0	1	0	2	17	2		functions/1026605a_FUN_1026605a.c
12	10269906	FUN_10269906	26	direct_call_neighbor	0	0	1	0	2	14	0		functions/10269906_FUN_10269906.c
12	1026fcd0	FUN_1026fcd0	282	direct_call_neighbor	0	0	1	0	1	1	7		functions/1026fcd0_FUN_1026fcd0.c
12	10274514	FUN_10274514	286	direct_call_neighbor	0	0	1	0	1	4	10		functions/10274514_FUN_10274514.c
12	10300b24	FUN_10300b24	434	direct_call_neighbor	0	0	1	0	1	2	6		functions/10300b24_FUN_10300b24.c
12	103158a2	FUN_103158a2	22	direct_call_neighbor	0	0	1	0	2	21	2		functions/103158a2_FUN_103158a2.c
12	10315938	FUN_10315938	28	direct_call_neighbor	0	0	1	0	2	21	2		functions/10315938_FUN_10315938.c
12	10318b30	FUN_10318b30	430	direct_call_neighbor	0	0	1	0	1	5	9		functions/10318b30_FUN_10318b30.c
12	10319274	FUN_10319274	22	direct_call_neighbor	0	0	1	0	2	8	1		functions/10319274_FUN_10319274.c
12	103192d6	FUN_103192d6	22	direct_call_neighbor	0	0	1	0	2	4	1		functions/103192d6_FUN_103192d6.c
12	10319364	FUN_10319364	22	direct_call_neighbor	0	0	1	0	2	3	1		functions/10319364_FUN_10319364.c
12	10327eac	FUN_10327eac	28	direct_call_neighbor	0	0	1	0	2	15	2		functions/10327eac_FUN_10327eac.c
12	10327f1c	FUN_10327f1c	398	direct_call_neighbor	0	0	1	0	1	4	7		functions/10327f1c_FUN_10327f1c.c
12	10333520	FUN_10333520	24	direct_call_neighbor	0	0	1	0	2	16	2		functions/10333520_FUN_10333520.c
12	1034ced0	FUN_1034ced0	258	direct_call_neighbor	0	0	1	0	1	4	3		functions/1034ced0_FUN_1034ced0.c
12	10371010	FUN_10371010	24	direct_call_neighbor	0	0	1	0	2	3	1		functions/10371010_FUN_10371010.c
12	103c4e98	FUN_103c4e98	306	direct_call_neighbor	0	0	1	0	1	1	14		functions/103c4e98_FUN_103c4e98.c
12	103c524c	FUN_103c524c	30	direct_call_neighbor	0	0	1	0	2	2	0		functions/103c524c_FUN_103c524c.c
12	103c532e	FUN_103c532e	24	direct_call_neighbor	0	0	1	0	2	2	1		functions/103c532e_FUN_103c532e.c
12	103c61e4	FUN_103c61e4	20	direct_call_neighbor	0	0	1	0	2	2	0		functions/103c61e4_FUN_103c61e4.c
12	103c73d0	FUN_103c73d0	30	direct_call_neighbor	0	0	1	0	2	5	3		functions/103c73d0_FUN_103c73d0.c
12	103c7420	FUN_103c7420	18	direct_call_neighbor	0	0	1	0	2	6	1		functions/103c7420_FUN_103c7420.c
12	103c86d0	FUN_103c86d0	28	direct_call_neighbor	0	0	1	0	2	2	2		functions/103c86d0_FUN_103c86d0.c
12	103c8912	FUN_103c8912	20	direct_call_neighbor	0	0	1	0	2	2	2		functions/103c8912_FUN_103c8912.c
12	103c9bd8	FUN_103c9bd8	20	direct_call_neighbor	0	0	1	0	2	2	2		functions/103c9bd8_FUN_103c9bd8.c
12	103cff30	FUN_103cff30	370	direct_call_neighbor	0	0	1	0	1	1	2		functions/103cff30_FUN_103cff30.c
12	103d03d0	FUN_103d03d0	278	direct_call_neighbor	0	0	1	0	1	1	4		functions/103d03d0_FUN_103d03d0.c
12	103d0530	FUN_103d0530	336	direct_call_neighbor	0	0	1	0	1	2	5		functions/103d0530_FUN_103d0530.c
12	103d0e62	FUN_103d0e62	18	direct_call_neighbor	0	0	1	0	2	2	0		functions/103d0e62_FUN_103d0e62.c
12	103d0f64	FUN_103d0f64	26	direct_call_neighbor	0	0	1	0	2	2	0		functions/103d0f64_FUN_103d0f64.c
12	103d24c4	FUN_103d24c4	18	semantic_review,compat_trace	1	1	1	0	2	2	0		functions/103d24c4_FUN_103d24c4.c
12	103d3d40	FUN_103d3d40	28	direct_call_neighbor	0	0	1	0	2	1	1		functions/103d3d40_FUN_103d3d40.c
12	103d3f30	FUN_103d3f30	30	direct_call_neighbor	0	0	1	0	2	1	1		functions/103d3f30_FUN_103d3f30.c
12	103d9c5c	FUN_103d9c5c	30	semantic_review,compat_trace	1	1	1	0	2	2	2		functions/103d9c5c_FUN_103d9c5c.c
12	103dbe00	FUN_103dbe00	30	direct_call_neighbor	0	0	1	0	2	2	1		functions/103dbe00_FUN_103dbe00.c
12	103dc398	FUN_103dc398	16	direct_call_neighbor	0	0	1	0	2	4	0		functions/103dc398_FUN_103dc398.c
12	103dc618	FUN_103dc618	30	semantic_review,compat_trace	1	1	1	0	2	3	1		functions/103dc618_FUN_103dc618.c
12	103dd4a4	FUN_103dd4a4	330	direct_call_neighbor	0	0	1	0	1	0	9		functions/103dd4a4_FUN_103dd4a4.c
12	103e3200	FUN_103e3200	16	direct_call_neighbor	0	0	1	0	2	2	0		functions/103e3200_FUN_103e3200.c
12	103e581c	FUN_103e581c	26	direct_call_neighbor	0	0	1	0	2	1	2		functions/103e581c_FUN_103e581c.c
12	103e5a62	FUN_103e5a62	404	direct_call_neighbor	0	0	1	0	1	3	2		functions/103e5a62_FUN_103e5a62.c
12	103e8cb8	FUN_103e8cb8	24	direct_call_neighbor	0	0	1	0	2	2	1		functions/103e8cb8_FUN_103e8cb8.c
12	103e8cdc	FUN_103e8cdc	24	direct_call_neighbor	0	0	1	0	2	2	1		functions/103e8cdc_FUN_103e8cdc.c
12	103fb424	FUN_103fb424	30	direct_call_neighbor	0	0	1	0	2	16	1		functions/103fb424_FUN_103fb424.c
12	103fbb84	FUN_103fbb84	22	direct_call_neighbor	0	0	1	0	2	1	1		functions/103fbb84_FUN_103fbb84.c
12	103fdf24	FUN_103fdf24	26	direct_call_neighbor	0	0	1	0	2	12	1		functions/103fdf24_FUN_103fdf24.c
11	101c6398	FUN_101c6398	170	direct_call_neighbor	0	0	1	0	1	0	11		functions/101c6398_FUN_101c6398.c
11	101c6770	FUN_101c6770	170	direct_call_neighbor	0	0	1	0	1	0	11		functions/101c6770_FUN_101c6770.c
11	101c6b7c	FUN_101c6b7c	170	direct_call_neighbor	0	0	1	0	1	0	11		functions/101c6b7c_FUN_101c6b7c.c
11	10233974	FUN_10233974	246	semantic_review,compat_trace	1	1	1	0	1	0	4		functions/10233974_FUN_10233974.c
11	1023fadc	FUN_1023fadc	184	direct_call_neighbor	0	0	1	0	1	2	8		functions/1023fadc_FUN_1023fadc.c
11	10249f4c	hal_gpio_setup_irq	236	direct_call_neighbor	0	0	0	0	1	11	8		functions/10249f4c_hal_gpio_setup_irq.c
11	1024eb68	FUN_1024eb68	198	semantic_review,compat_trace	1	1	1	0	1	4	4		functions/1024eb68_FUN_1024eb68.c
11	10252454	hal_sdmmc_sleep_card	134	direct_call_neighbor	0	0	0	0	1	2	5		functions/10252454_hal_sdmmc_sleep_card.c
11	102524f0	hal_sdmmc_awake_card	208	direct_call_neighbor	0	0	0	0	1	3	5		functions/102524f0_hal_sdmmc_awake_card.c
11	10257084	FUN_10257084	244	direct_call_neighbor	0	0	1	0	1	3	6		functions/10257084_FUN_10257084.c
11	102573b0	hal_usb_ep0_data_in_stage	168	direct_call_neighbor	0	0	0	0	1	1	3		functions/102573b0_hal_usb_ep0_data_in_stage.c
11	1025a530	FUN_1025a530	160	direct_call_neighbor	0	0	1	0	1	38	6		functions/1025a530_FUN_1025a530.c
11	1026552c	FUN_1026552c	14	direct_call_neighbor	0	0	1	0	2	4	1		functions/1026552c_FUN_1026552c.c
11	10267fb8	FUN_10267fb8	10	direct_call_neighbor	0	0	1	0	2	7	1		functions/10267fb8_FUN_10267fb8.c
11	10268414	FUN_10268414	14	direct_call_neighbor	0	0	1	0	2	9	0		functions/10268414_FUN_10268414.c
11	10268464	FUN_10268464	14	direct_call_neighbor	0	0	1	0	2	161	1		functions/10268464_FUN_10268464.c
11	1026849c	FUN_1026849c	14	direct_call_neighbor	0	0	1	0	2	22	1		functions/1026849c_FUN_1026849c.c
11	1026895c	FUN_1026895c	250	direct_call_neighbor	0	0	1	0	1	53	4		functions/1026895c_FUN_1026895c.c
11	1026ba18	FUN_1026ba18	218	direct_call_neighbor	0	0	1	0	1	5	8		functions/1026ba18_FUN_1026ba18.c
11	1026f464	FUN_1026f464	140	direct_call_neighbor	0	0	1	0	1	1	13		functions/1026f464_FUN_1026f464.c
11	10272c10	FUN_10272c10	160	direct_call_neighbor	0	0	1	0	1	2	6		functions/10272c10_FUN_10272c10.c
11	1028f10c	FUN_1028f10c	186	direct_call_neighbor	0	0	1	0	1	6	8		functions/1028f10c_FUN_1028f10c.c
11	102903b0	FUN_102903b0	136	direct_call_neighbor	0	0	1	0	1	46	7		functions/102903b0_FUN_102903b0.c
11	1029f518	FUN_1029f518	188	direct_call_neighbor	0	0	1	0	1	5	6		functions/1029f518_FUN_1029f518.c
11	102add88	FUN_102add88	200	direct_call_neighbor	0	0	1	0	1	3	5		functions/102add88_FUN_102add88.c
11	103005e4	FUN_103005e4	168	direct_call_neighbor	0	0	1	0	1	2	3		functions/103005e4_FUN_103005e4.c
11	1031ee2c	FUN_1031ee2c	198	direct_call_neighbor	0	0	1	0	1	3	13		functions/1031ee2c_FUN_1031ee2c.c
11	10323ea4	FUN_10323ea4	158	direct_call_neighbor	0	0	1	0	1	3	18		functions/10323ea4_FUN_10323ea4.c
11	10323f5c	FUN_10323f5c	138	direct_call_neighbor	0	0	1	0	1	2	18		functions/10323f5c_FUN_10323f5c.c
11	10324ebc	FUN_10324ebc	170	direct_call_neighbor	0	0	1	0	1	15	8		functions/10324ebc_FUN_10324ebc.c
11	10326ac8	FUN_10326ac8	14	direct_call_neighbor	0	0	1	0	2	6	1		functions/10326ac8_FUN_10326ac8.c
11	10333d38	FUN_10333d38	184	direct_call_neighbor	0	0	1	0	1	23	9		functions/10333d38_FUN_10333d38.c
11	1034d7da	FUN_1034d7da	214	direct_call_neighbor	0	0	1	0	1	3	3		functions/1034d7da_FUN_1034d7da.c
11	103c501e	FUN_103c501e	10	direct_call_neighbor	0	0	1	0	2	5	1		functions/103c501e_FUN_103c501e.c
11	103c620c	FUN_103c620c	156	direct_call_neighbor	0	0	1	0	1	1	7		functions/103c620c_FUN_103c620c.c
11	103c849c	FUN_103c849c	12	direct_call_neighbor	0	0	1	0	2	2	0		functions/103c849c_FUN_103c849c.c
11	103c8824	FUN_103c8824	10	direct_call_neighbor	0	0	1	0	2	2	0		functions/103c8824_FUN_103c8824.c
11	103c96bc	FUN_103c96bc	12	direct_call_neighbor	0	0	1	0	2	2	0		functions/103c96bc_FUN_103c96bc.c
11	103c9e30	FUN_103c9e30	192	direct_call_neighbor	0	0	1	0	1	1	4		functions/103c9e30_FUN_103c9e30.c
11	103cf8bc	FUN_103cf8bc	12	semantic_review	1	0	1	0	2	2	0		functions/103cf8bc_FUN_103cf8bc.c
11	103dafc0	FUN_103dafc0	12	direct_call_neighbor	0	0	1	0	2	2	1		functions/103dafc0_FUN_103dafc0.c
11	103dc64c	FUN_103dc64c	8	semantic_review,compat_trace	1	1	1	0	2	3	0		functions/103dc64c_FUN_103dc64c.c
11	103dc834	FUN_103dc834	12	semantic_review	1	0	1	0	2	1	1		functions/103dc834_FUN_103dc834.c
11	103dc840	FUN_103dc840	12	semantic_review	1	0	1	0	2	1	1		functions/103dc840_FUN_103dc840.c
11	103dc84c	FUN_103dc84c	12	semantic_review,compat_trace	1	1	1	0	2	1	1		functions/103dc84c_FUN_103dc84c.c
11	103dc9d0	FUN_103dc9d0	186	direct_call_neighbor	0	0	1	0	1	1	1		functions/103dc9d0_FUN_103dc9d0.c
11	103dcac8	FUN_103dcac8	12	direct_call_neighbor	0	0	1	0	2	3	1		functions/103dcac8_FUN_103dcac8.c
11	103dcade	FUN_103dcade	12	direct_call_neighbor	0	0	1	0	2	2	1		functions/103dcade_FUN_103dcade.c
11	103dcc78	FUN_103dcc78	140	direct_call_neighbor	0	0	1	0	1	0	6		functions/103dcc78_FUN_103dcc78.c
11	103dff14	FUN_103dff14	226	direct_call_neighbor	0	0	1	0	1	1	2		functions/103dff14_FUN_103dff14.c
11	103e027c	FUN_103e027c	12	direct_call_neighbor	0	0	1	0	2	4	0		functions/103e027c_FUN_103e027c.c
11	103e0408	FUN_103e0408	12	direct_call_neighbor	0	0	1	0	2	2	0		functions/103e0408_FUN_103e0408.c
11	103e0428	FUN_103e0428	134	direct_call_neighbor	0	0	1	0	1	1	8		functions/103e0428_FUN_103e0428.c
11	103e79cc	FUN_103e79cc	246	direct_call_neighbor	0	0	1	0	1	3	11		functions/103e79cc_FUN_103e79cc.c
11	103ec682	FUN_103ec682	12	direct_call_neighbor	0	0	1	0	2	7	1		functions/103ec682_FUN_103ec682.c
11	103fcc08	FUN_103fcc08	220	direct_call_neighbor	0	0	1	0	1	1	7		functions/103fcc08_FUN_103fcc08.c
11	103fe420	FUN_103fe420	14	direct_call_neighbor	0	0	1	0	2	2	1		functions/103fe420_FUN_103fe420.c
10	101c4a90	FUN_101c4a90	114	direct_call_neighbor	0	0	1	0	1	1	4		functions/101c4a90_FUN_101c4a90.c
10	101c4f18	FUN_101c4f18	106	direct_call_neighbor	0	0	1	0	1	1	5		functions/101c4f18_FUN_101c4f18.c
10	1021c680	FUN_1021c680	122	direct_call_neighbor	0	0	1	0	1	103	4		functions/1021c680_FUN_1021c680.c
10	1021e234	nuttx_sec_eng_hash_init	74	direct_call_neighbor	0	0	0	0	1	1	6		functions/1021e234_nuttx_sec_eng_hash_init.c
10	102292fc	FUN_102292fc	6	direct_call_neighbor	0	0	1	0	2	7	0		functions/102292fc_FUN_102292fc.c
10	1023399a	FUN_1023399a	74	direct_call_neighbor	0	0	1	0	1	1	1		functions/1023399a_FUN_1023399a.c
10	10240370	FUN_10240370	70	direct_call_neighbor	0	0	1	0	1	4	4		functions/10240370_FUN_10240370.c
10	102416ac	FUN_102416ac	68	direct_call_neighbor	0	0	1	0	1	1	4		functions/102416ac_FUN_102416ac.c
10	10242004	FUN_10242004	74	semantic_review,compat_trace	1	1	1	0	1	0	1		functions/10242004_FUN_10242004.c
10	10242010	FUN_10242010	74	semantic_review,compat_trace	1	1	1	0	1	0	1		functions/10242010_FUN_10242010.c
10	102588ac	FUN_102588ac	86	direct_call_neighbor	0	0	1	0	1	2	4		functions/102588ac_FUN_102588ac.c
10	1025a5d4	FUN_1025a5d4	102	direct_call_neighbor	0	0	1	0	1	12	5		functions/1025a5d4_FUN_1025a5d4.c
10	1025f5f8	FUN_1025f5f8	80	direct_call_neighbor	0	0	1	0	1	4	3		functions/1025f5f8_FUN_1025f5f8.c
10	1025f6e4	FUN_1025f6e4	106	direct_call_neighbor	0	0	1	0	1	8	3		functions/1025f6e4_FUN_1025f6e4.c
10	10265e40	FUN_10265e40	110	direct_call_neighbor	0	0	1	0	1	12	5		functions/10265e40_FUN_10265e40.c
10	10268844	FUN_10268844	122	direct_call_neighbor	0	0	1	0	1	55	3		functions/10268844_FUN_10268844.c
10	10269826	FUN_10269826	72	direct_call_neighbor	0	0	1	0	1	38	3		functions/10269826_FUN_10269826.c
10	1027c2dc	FUN_1027c2dc	64	direct_call_neighbor	0	0	1	0	1	19	4		functions/1027c2dc_FUN_1027c2dc.c
10	1027cabc	FUN_1027cabc	76	direct_call_neighbor	0	0	1	0	1	25	4		functions/1027cabc_FUN_1027cabc.c
10	1028fb94	FUN_1028fb94	74	direct_call_neighbor	0	0	1	0	1	25	3		functions/1028fb94_FUN_1028fb94.c
10	102acde4	FUN_102acde4	80	direct_call_neighbor	0	0	1	0	1	4	4		functions/102acde4_FUN_102acde4.c
10	102adadc	FUN_102adadc	88	direct_call_neighbor	0	0	1	0	1	4	4		functions/102adadc_FUN_102adadc.c
10	102b0518	FUN_102b0518	72	direct_call_neighbor	0	0	1	0	1	12	5		functions/102b0518_FUN_102b0518.c
10	102b83c0	FUN_102b83c0	72	direct_call_neighbor	0	0	1	0	1	4	2		functions/102b83c0_FUN_102b83c0.c
10	10310bd6	FUN_10310bd6	98	direct_call_neighbor	0	0	1	0	1	2	4		functions/10310bd6_FUN_10310bd6.c
10	10311014	FUN_10311014	70	direct_call_neighbor	0	0	1	0	1	3	4		functions/10311014_FUN_10311014.c
10	10314294	FUN_10314294	124	direct_call_neighbor	0	0	1	0	1	38	6		functions/10314294_FUN_10314294.c
10	10327dd4	FUN_10327dd4	114	direct_call_neighbor	0	0	1	0	1	11	5		functions/10327dd4_FUN_10327dd4.c
10	10333e04	FUN_10333e04	116	direct_call_neighbor	0	0	1	0	1	5	6		functions/10333e04_FUN_10333e04.c
10	10333ec0	FUN_10333ec0	90	direct_call_neighbor	0	0	1	0	1	6	3		functions/10333ec0_FUN_10333ec0.c
10	1034ccf4	FUN_1034ccf4	116	direct_call_neighbor	0	0	1	0	1	6	1		functions/1034ccf4_FUN_1034ccf4.c
10	103c660c	FUN_103c660c	94	direct_call_neighbor	0	0	1	0	1	1	2		functions/103c660c_FUN_103c660c.c
10	103c7b90	FUN_103c7b90	72	direct_call_neighbor	0	0	1	0	1	1	2		functions/103c7b90_FUN_103c7b90.c
10	103c877a	FUN_103c877a	70	direct_call_neighbor	0	0	1	0	1	1	3		functions/103c877a_FUN_103c877a.c
10	103c8894	FUN_103c8894	112	direct_call_neighbor	0	0	1	0	1	1	5		functions/103c8894_FUN_103c8894.c
10	103c96cc	FUN_103c96cc	80	direct_call_neighbor	0	0	1	0	1	0	3		functions/103c96cc_FUN_103c96cc.c
10	103c9fd0	FUN_103c9fd0	92	direct_call_neighbor	0	0	1	0	1	1	3		functions/103c9fd0_FUN_103c9fd0.c
10	103ca030	FUN_103ca030	98	direct_call_neighbor	0	0	1	0	1	1	3		functions/103ca030_FUN_103ca030.c
10	103cee2c	FUN_103cee2c	66	direct_call_neighbor	0	0	1	0	1	1	1		functions/103cee2c_FUN_103cee2c.c
10	103d0310	FUN_103d0310	112	direct_call_neighbor	0	0	1	0	1	5	3		functions/103d0310_FUN_103d0310.c
10	103d3ebc	FUN_103d3ebc	64	direct_call_neighbor	0	0	1	0	1	1	4		functions/103d3ebc_FUN_103d3ebc.c
10	103d76b4	FUN_103d76b4	72	direct_call_neighbor	0	0	1	0	1	2	0		functions/103d76b4_FUN_103d76b4.c
10	103dc210	FUN_103dc210	98	direct_call_neighbor	0	0	1	0	1	1	5		functions/103dc210_FUN_103dc210.c
10	103dcb94	audio_tag_timer_cb	88	semantic_review	1	0	0	0	1	0	4		functions/103dcb94_audio_tag_timer_cb.c
10	103dce54	FUN_103dce54	92	direct_call_neighbor	0	0	1	0	1	0	4		functions/103dce54_FUN_103dce54.c
10	103e19fc	FUN_103e19fc	106	semantic_review	1	0	1	0	1	0	4		functions/103e19fc_FUN_103e19fc.c
10	103e7eac	FUN_103e7eac	76	direct_call_neighbor	0	0	1	0	1	1	4		functions/103e7eac_FUN_103e7eac.c
10	103eb4e0	FUN_103eb4e0	124	direct_call_neighbor	0	0	1	0	1	1	5		functions/103eb4e0_FUN_103eb4e0.c
10	103fd988	FUN_103fd988	66	direct_call_neighbor	0	0	1	0	1	12	3		functions/103fd988_FUN_103fd988.c
10	103feb0a	FUN_103feb0a	84	direct_call_neighbor	0	0	1	0	1	1	1		functions/103feb0a_FUN_103feb0a.c
10	103fefdc	FUN_103fefdc	82	direct_call_neighbor	0	0	1	0	1	2	6		functions/103fefdc_FUN_103fefdc.c
10	10401338	thunk_EXT_FUN_0012a980	4	direct_call_neighbor	0	0	1	0	2	3	0		functions/10401338_thunk_EXT_FUN_0012a980.c
10	10401440	thunk_EXT_FUN_0012af4c	4	direct_call_neighbor	0	0	1	0	2	3	0		functions/10401440_thunk_EXT_FUN_0012af4c.c
10	104014c8	thunk_EXT_FUN_0012ae88	4	direct_call_neighbor	0	0	1	0	2	2	0		functions/104014c8_thunk_EXT_FUN_0012ae88.c
10	10401530	thunk_EXT_FUN_0012abd0	4	direct_call_neighbor	0	0	1	0	2	3	0		functions/10401530_thunk_EXT_FUN_0012abd0.c
9	101c48a0	FUN_101c48a0	32	direct_call_neighbor	0	0	1	0	1	2	0		functions/101c48a0_FUN_101c48a0.c
9	1021e1e4	nuttx_sec_eng_open	32	direct_call_neighbor	0	0	0	0	1	1	2		functions/1021e1e4_nuttx_sec_eng_open.c
9	1021e20c	nuttx_sec_eng_close	32	direct_call_neighbor	0	0	0	0	1	1	2		functions/1021e20c_nuttx_sec_eng_close.c
9	1021e288	FUN_1021e288	34	direct_call_neighbor	0	0	1	0	1	1	1		functions/1021e288_FUN_1021e288.c
9	10227210	FUN_10227210	50	direct_call_neighbor	0	0	1	0	1	1	1		functions/10227210_FUN_10227210.c
9	10227248	FUN_10227248	50	direct_call_neighbor	0	0	1	0	1	1	1		functions/10227248_FUN_10227248.c
9	1022c59c	FUN_1022c59c	36	direct_call_neighbor	0	0	1	0	1	0	5		functions/1022c59c_FUN_1022c59c.c
9	10233944	FUN_10233944	34	direct_call_neighbor	0	0	1	0	1	0	4		functions/10233944_FUN_10233944.c
9	10249e54	FUN_10249e54	36	direct_call_neighbor	0	0	1	0	1	24	2		functions/10249e54_FUN_10249e54.c
9	1024ee00	FUN_1024ee00	60	direct_call_neighbor	0	0	1	0	1	3	2		functions/1024ee00_FUN_1024ee00.c
9	10253734	FUN_10253734	38	direct_call_neighbor	0	0	1	0	1	5	2		functions/10253734_FUN_10253734.c
9	10253760	FUN_10253760	40	direct_call_neighbor	0	0	1	0	1	5	2		functions/10253760_FUN_10253760.c
9	10256e50	FUN_10256e50	46	direct_call_neighbor	0	0	1	0	1	2	0		functions/10256e50_FUN_10256e50.c
9	10256e88	FUN_10256e88	46	direct_call_neighbor	0	0	1	0	1	2	0		functions/10256e88_FUN_10256e88.c
9	1025fa6c	FUN_1025fa6c	50	direct_call_neighbor	0	0	1	0	1	9	2		functions/1025fa6c_FUN_1025fa6c.c
9	10265fda	FUN_10265fda	46	direct_call_neighbor	0	0	1	0	1	15	3		functions/10265fda_FUN_10265fda.c
9	1026805e	FUN_1026805e	46	direct_call_neighbor	0	0	1	0	1	13	3		functions/1026805e_FUN_1026805e.c
9	10268472	FUN_10268472	42	direct_call_neighbor	0	0	1	0	1	36	7		functions/10268472_FUN_10268472.c
9	10269776	FUN_10269776	44	direct_call_neighbor	0	0	1	0	1	17	1		functions/10269776_FUN_10269776.c
9	102698d6	FUN_102698d6	48	direct_call_neighbor	0	0	1	0	1	178	0		functions/102698d6_FUN_102698d6.c
9	102699b2	FUN_102699b2	34	direct_call_neighbor	0	0	1	0	1	16	1		functions/102699b2_FUN_102699b2.c
9	1026fc80	FUN_1026fc80	40	direct_call_neighbor	0	0	1	0	1	1	1		functions/1026fc80_FUN_1026fc80.c
9	10272cb8	FUN_10272cb8	40	direct_call_neighbor	0	0	1	0	1	1	4		functions/10272cb8_FUN_10272cb8.c
9	1027c514	FUN_1027c514	60	direct_call_neighbor	0	0	1	0	1	12	4		functions/1027c514_FUN_1027c514.c
9	1028fbde	FUN_1028fbde	34	direct_call_neighbor	0	0	1	0	1	8	4		functions/1028fbde_FUN_1028fbde.c
9	1029067c	FUN_1029067c	38	direct_call_neighbor	0	0	1	0	1	2	2		functions/1029067c_FUN_1029067c.c
9	10294b10	FUN_10294b10	60	direct_call_neighbor	0	0	1	0	1	17	1		functions/10294b10_FUN_10294b10.c
9	10294b4c	FUN_10294b4c	44	direct_call_neighbor	0	0	1	0	1	11	1		functions/10294b4c_FUN_10294b4c.c
9	102a2f60	FUN_102a2f60	42	direct_call_neighbor	0	0	1	0	1	3	0		functions/102a2f60_FUN_102a2f60.c
9	102b062c	FUN_102b062c	40	direct_call_neighbor	0	0	1	0	1	2	2		functions/102b062c_FUN_102b062c.c
9	1031596a	FUN_1031596a	40	direct_call_neighbor	0	0	1	0	1	5	3		functions/1031596a_FUN_1031596a.c
9	103192a0	FUN_103192a0	32	direct_call_neighbor	0	0	1	0	1	1	1		functions/103192a0_FUN_103192a0.c
9	1031aebc	FUN_1031aebc	48	direct_call_neighbor	0	0	1	0	1	10	1		functions/1031aebc_FUN_1031aebc.c
9	10324e84	FUN_10324e84	52	direct_call_neighbor	0	0	1	0	1	15	1		functions/10324e84_FUN_10324e84.c
9	103280c0	FUN_103280c0	62	direct_call_neighbor	0	0	1	0	1	7	3		functions/103280c0_FUN_103280c0.c
9	10352410	FUN_10352410	34	direct_call_neighbor	0	0	1	0	1	16	1		functions/10352410_FUN_10352410.c
9	103c5140	FUN_103c5140	42	direct_call_neighbor	0	0	1	0	1	1	3		functions/103c5140_FUN_103c5140.c
9	103c6534	FUN_103c6534	32	direct_call_neighbor	0	0	1	0	1	1	2		functions/103c6534_FUN_103c6534.c
9	103c655c	FUN_103c655c	48	direct_call_neighbor	0	0	1	0	1	1	2		functions/103c655c_FUN_103c655c.c
9	103c73f4	FUN_103c73f4	38	direct_call_neighbor	0	0	1	0	1	2	1		functions/103c73f4_FUN_103c73f4.c
9	103c87c0	FUN_103c87c0	56	direct_call_neighbor	0	0	1	0	1	1	3		functions/103c87c0_FUN_103c87c0.c
9	103c8868	FUN_103c8868	42	direct_call_neighbor	0	0	1	0	1	4	2		functions/103c8868_FUN_103c8868.c
9	103c9c84	FUN_103c9c84	48	direct_call_neighbor	0	0	1	0	1	2	1		functions/103c9c84_FUN_103c9c84.c
9	103c9d9e	FUN_103c9d9e	50	direct_call_neighbor	0	0	1	0	1	2	0		functions/103c9d9e_FUN_103c9d9e.c
9	103cf06c	FUN_103cf06c	62	direct_call_neighbor	0	0	1	0	1	1	1		functions/103cf06c_FUN_103cf06c.c
9	103cf320	FUN_103cf320	56	direct_call_neighbor	0	0	1	0	1	1	1		functions/103cf320_FUN_103cf320.c
9	103d0388	FUN_103d0388	36	direct_call_neighbor	0	0	1	0	1	3	3		functions/103d0388_FUN_103d0388.c
9	103d9d0c	FUN_103d9d0c	42	semantic_review,compat_trace	1	1	1	0	1	1	2		functions/103d9d0c_FUN_103d9d0c.c
9	103d9d40	FUN_103d9d40	62	semantic_review	1	0	1	0	1	1	2		functions/103d9d40_FUN_103d9d40.c
9	103db254	FUN_103db254	52	direct_call_neighbor	0	0	1	0	1	0	2		functions/103db254_FUN_103db254.c
9	103db5a0	FUN_103db5a0	60	direct_call_neighbor	0	0	1	0	1	0	1		functions/103db5a0_FUN_103db5a0.c
9	103dbdd0	FUN_103dbdd0	42	direct_call_neighbor	0	0	1	0	1	1	2		functions/103dbdd0_FUN_103dbdd0.c
9	103dc1e0	FUN_103dc1e0	36	direct_call_neighbor	0	0	1	0	1	1	1		functions/103dc1e0_FUN_103dc1e0.c
9	103dc8a8	FUN_103dc8a8	40	direct_call_neighbor	0	0	1	0	1	0	3		functions/103dc8a8_FUN_103dc8a8.c
9	103dcc10	FUN_103dcc10	56	direct_call_neighbor	0	0	1	0	1	1	4		functions/103dcc10_FUN_103dcc10.c
9	103dcd30	FUN_103dcd30	44	direct_call_neighbor	0	0	1	0	1	2	0		functions/103dcd30_FUN_103dcd30.c
9	103dcd70	FUN_103dcd70	44	direct_call_neighbor	0	0	1	0	1	2	0		functions/103dcd70_FUN_103dcd70.c
9	103dcecc	FUN_103dcecc	46	direct_call_neighbor	0	0	1	0	1	2	2		functions/103dcecc_FUN_103dcecc.c
9	103dd1b8	FUN_103dd1b8	50	direct_call_neighbor	0	0	1	0	1	0	2		functions/103dd1b8_FUN_103dd1b8.c
9	103e2848	FUN_103e2848	48	direct_call_neighbor	0	0	1	0	1	1	1		functions/103e2848_FUN_103e2848.c
9	103e2904	FUN_103e2904	36	direct_call_neighbor	0	0	1	0	1	1	1		functions/103e2904_FUN_103e2904.c
9	103e3dd4	FUN_103e3dd4	42	direct_call_neighbor	0	0	1	0	1	1	2		functions/103e3dd4_FUN_103e3dd4.c
9	103e3e2c	FUN_103e3e2c	58	direct_call_neighbor	0	0	1	0	1	2	3		functions/103e3e2c_FUN_103e3e2c.c
9	103e46e4	FUN_103e46e4	40	direct_call_neighbor	0	0	1	0	1	1	2		functions/103e46e4_FUN_103e46e4.c
9	103e590c	FUN_103e590c	34	direct_call_neighbor	0	0	1	0	1	1	2		functions/103e590c_FUN_103e590c.c
9	103eb92c	FUN_103eb92c	60	direct_call_neighbor	0	0	1	0	1	1	2		functions/103eb92c_FUN_103eb92c.c
9	103fb74c	FUN_103fb74c	46	direct_call_neighbor	0	0	1	0	1	1	3		functions/103fb74c_FUN_103fb74c.c
9	103fbc44	FUN_103fbc44	60	direct_call_neighbor	0	0	1	0	1	1	1		functions/103fbc44_FUN_103fbc44.c
9	103fd95a	FUN_103fd95a	46	direct_call_neighbor	0	0	1	0	1	14	2		functions/103fd95a_FUN_103fd95a.c
9	103fdf40	FUN_103fdf40	32	direct_call_neighbor	0	0	1	0	1	13	3		functions/103fdf40_FUN_103fdf40.c
9	103fead8	FUN_103fead8	50	direct_call_neighbor	0	0	1	0	1	1	2		functions/103fead8_FUN_103fead8.c
8	101c40e8	FUN_101c40e8	24	direct_call_neighbor	0	0	1	0	1	1	0		functions/101c40e8_FUN_101c40e8.c
8	101c4100	FUN_101c4100	26	direct_call_neighbor	0	0	1	0	1	1	0		functions/101c4100_FUN_101c4100.c
8	101c46ac	FUN_101c46ac	26	direct_call_neighbor	0	0	1	0	1	2	0		functions/101c46ac_FUN_101c46ac.c
8	101c46d0	FUN_101c46d0	26	direct_call_neighbor	0	0	1	0	1	3	0		functions/101c46d0_FUN_101c46d0.c
8	101c4a3c	FUN_101c4a3c	26	direct_call_neighbor	0	0	1	0	1	3	0		functions/101c4a3c_FUN_101c4a3c.c
8	101c5034	FUN_101c5034	18	direct_call_neighbor	0	0	1	0	1	2	0		functions/101c5034_FUN_101c5034.c
8	1021dbbc	FUN_1021dbbc	30	direct_call_neighbor	0	0	1	0	1	18	2		functions/1021dbbc_FUN_1021dbbc.c
8	10233984	FUN_10233984	22	direct_call_neighbor	0	0	1	0	1	2	3		functions/10233984_FUN_10233984.c
8	10240764	FUN_10240764	30	semantic_review	1	0	1	0	1	2	0		functions/10240764_FUN_10240764.c
8	1024edea	FUN_1024edea	22	direct_call_neighbor	0	0	1	0	1	1	0		functions/1024edea_FUN_1024edea.c
8	1025730c	FUN_1025730c	22	direct_call_neighbor	0	0	1	0	1	3	1		functions/1025730c_FUN_1025730c.c
8	1025c142	FUN_1025c142	26	direct_call_neighbor	0	0	1	0	1	10	1		functions/1025c142_FUN_1025c142.c
8	102659aa	FUN_102659aa	20	direct_call_neighbor	0	0	1	0	1	3	0		functions/102659aa_FUN_102659aa.c
8	10265aac	FUN_10265aac	28	direct_call_neighbor	0	0	1	0	1	14	1		functions/10265aac_FUN_10265aac.c
8	10269970	FUN_10269970	26	direct_call_neighbor	0	0	1	0	1	94	0		functions/10269970_FUN_10269970.c
8	1026bb38	FUN_1026bb38	24	direct_call_neighbor	0	0	1	0	1	6	2		functions/1026bb38_FUN_1026bb38.c
8	1027c550	FUN_1027c550	22	direct_call_neighbor	0	0	1	0	1	32	1		functions/1027c550_FUN_1027c550.c
8	1027c626	FUN_1027c626	22	direct_call_neighbor	0	0	1	0	1	22	1		functions/1027c626_FUN_1027c626.c
8	1029078c	FUN_1029078c	28	direct_call_neighbor	0	0	1	0	1	2	2		functions/1029078c_FUN_1029078c.c
8	10310bc0	FUN_10310bc0	22	direct_call_neighbor	0	0	1	0	1	3	1		functions/10310bc0_FUN_10310bc0.c
8	10310ec0	FUN_10310ec0	22	direct_call_neighbor	0	0	1	0	1	2	1		functions/10310ec0_FUN_10310ec0.c
8	103192c0	FUN_103192c0	22	direct_call_neighbor	0	0	1	0	1	1	1		functions/103192c0_FUN_103192c0.c
8	1031937a	FUN_1031937a	22	direct_call_neighbor	0	0	1	0	1	4	1		functions/1031937a_FUN_1031937a.c
8	10319390	FUN_10319390	22	direct_call_neighbor	0	0	1	0	1	4	1		functions/10319390_FUN_10319390.c
8	103193a6	FUN_103193a6	22	direct_call_neighbor	0	0	1	0	1	4	1		functions/103193a6_FUN_103193a6.c
8	103193bc	FUN_103193bc	22	direct_call_neighbor	0	0	1	0	1	5	1		functions/103193bc_FUN_103193bc.c
8	1031ee00	FUN_1031ee00	30	direct_call_neighbor	0	0	1	0	1	3	1		functions/1031ee00_FUN_1031ee00.c
8	10326ec8	FUN_10326ec8	30	direct_call_neighbor	0	0	1	0	1	2	1		functions/10326ec8_FUN_10326ec8.c
8	10326ee6	FUN_10326ee6	20	direct_call_neighbor	0	0	1	0	1	2	1		functions/10326ee6_FUN_10326ee6.c
8	10326f5e	FUN_10326f5e	20	direct_call_neighbor	0	0	1	0	1	3	1		functions/10326f5e_FUN_10326f5e.c
8	103270da	FUN_103270da	30	direct_call_neighbor	0	0	1	0	1	4	1		functions/103270da_FUN_103270da.c
8	103270f8	FUN_103270f8	20	direct_call_neighbor	0	0	1	0	1	2	1		functions/103270f8_FUN_103270f8.c
8	1032710c	FUN_1032710c	20	direct_call_neighbor	0	0	1	0	1	3	1		functions/1032710c_FUN_1032710c.c
8	10327134	FUN_10327134	20	direct_call_neighbor	0	0	1	0	1	2	1		functions/10327134_FUN_10327134.c
8	10327148	FUN_10327148	20	direct_call_neighbor	0	0	1	0	1	3	1		functions/10327148_FUN_10327148.c
8	1034cca8	FUN_1034cca8	16	direct_call_neighbor	0	0	1	0	1	7	1		functions/1034cca8_FUN_1034cca8.c
8	1034ccb8	FUN_1034ccb8	16	direct_call_neighbor	0	0	1	0	1	5	1		functions/1034ccb8_FUN_1034ccb8.c
8	103522e8	FUN_103522e8	16	direct_call_neighbor	0	0	1	0	1	33	0		functions/103522e8_FUN_103522e8.c
8	103a6c58	FUN_103a6c58	16	direct_call_neighbor	0	0	1	0	1	18	0		functions/103a6c58_FUN_103a6c58.c
8	103c52f4	FUN_103c52f4	30	direct_call_neighbor	0	0	1	0	1	2	2		functions/103c52f4_FUN_103c52f4.c
8	103c5312	FUN_103c5312	28	direct_call_neighbor	0	0	1	0	1	1	1		functions/103c5312_FUN_103c5312.c
8	103c6a9c	FUN_103c6a9c	20	direct_call_neighbor	0	0	1	0	1	1	1		functions/103c6a9c_FUN_103c6a9c.c
8	103c92bc	FUN_103c92bc	26	direct_call_neighbor	0	0	1	0	1	1	0		functions/103c92bc_FUN_103c92bc.c
8	103c92dc	FUN_103c92dc	28	direct_call_neighbor	0	0	1	0	1	1	0		functions/103c92dc_FUN_103c92dc.c
8	103c9dd0	FUN_103c9dd0	16	direct_call_neighbor	0	0	1	0	1	3	1		functions/103c9dd0_FUN_103c9dd0.c
8	103c9ef4	FUN_103c9ef4	18	direct_call_neighbor	0	0	1	0	1	2	1		functions/103c9ef4_FUN_103c9ef4.c
8	103ceebc	FUN_103ceebc	24	direct_call_neighbor	0	0	1	0	1	1	1		functions/103ceebc_FUN_103ceebc.c
8	103d00f0	FUN_103d00f0	28	direct_call_neighbor	0	0	1	0	1	7	2		functions/103d00f0_FUN_103d00f0.c
8	103d0e42	FUN_103d0e42	16	direct_call_neighbor	0	0	1	0	1	1	1		functions/103d0e42_FUN_103d0e42.c
8	103d0e90	FUN_103d0e90	28	direct_call_neighbor	0	0	1	0	1	2	0		functions/103d0e90_FUN_103d0e90.c
8	103d0ed8	FUN_103d0ed8	22	direct_call_neighbor	0	0	1	0	1	1	1		functions/103d0ed8_FUN_103d0ed8.c
8	103d0f36	FUN_103d0f36	16	direct_call_neighbor	0	0	1	0	1	1	1		functions/103d0f36_FUN_103d0f36.c
8	103d2354	FUN_103d2354	28	direct_call_neighbor	0	0	1	0	1	2	0		functions/103d2354_FUN_103d2354.c
8	103d239c	FUN_103d239c	22	direct_call_neighbor	0	0	1	0	1	1	1		functions/103d239c_FUN_103d239c.c
8	103d23fa	FUN_103d23fa	16	direct_call_neighbor	0	0	1	0	1	1	1		functions/103d23fa_FUN_103d23fa.c
8	103d7e84	FUN_103d7e84	26	direct_call_neighbor	0	0	1	0	1	1	2		functions/103d7e84_FUN_103d7e84.c
8	103d9be0	FUN_103d9be0	16	semantic_review	1	0	1	0	1	1	0		functions/103d9be0_FUN_103d9be0.c
8	103db148	FUN_103db148	28	direct_call_neighbor	0	0	1	0	1	0	1		functions/103db148_FUN_103db148.c
8	103dc8e6	FUN_103dc8e6	30	direct_call_neighbor	0	0	1	0	1	0	1		functions/103dc8e6_FUN_103dc8e6.c
8	103dcb68	FUN_103dcb68	30	direct_call_neighbor	0	0	1	0	1	2	1		functions/103dcb68_FUN_103dcb68.c
8	103dd63c	FUN_103dd63c	20	direct_call_neighbor	0	0	1	0	1	1	2		functions/103dd63c_FUN_103dd63c.c
8	103e01dc	FUN_103e01dc	26	direct_call_neighbor	0	0	1	0	1	0	2		functions/103e01dc_FUN_103e01dc.c
8	103e0200	FUN_103e0200	26	direct_call_neighbor	0	0	1	0	1	0	2		functions/103e0200_FUN_103e0200.c
8	103e4710	FUN_103e4710	18	direct_call_neighbor	0	0	1	0	1	1	0		functions/103e4710_FUN_103e4710.c
8	103e683c	FUN_103e683c	26	direct_call_neighbor	0	0	1	0	1	1	1		functions/103e683c_FUN_103e683c.c
8	103e6864	FUN_103e6864	20	direct_call_neighbor	0	0	1	0	1	1	1		functions/103e6864_FUN_103e6864.c
8	103e7cf4	FUN_103e7cf4	30	direct_call_neighbor	0	0	1	0	1	3	1		functions/103e7cf4_FUN_103e7cf4.c
8	103e7d20	FUN_103e7d20	30	direct_call_neighbor	0	0	1	0	1	2	1		functions/103e7d20_FUN_103e7d20.c
8	103e7e84	FUN_103e7e84	28	direct_call_neighbor	0	0	1	0	1	3	1		functions/103e7e84_FUN_103e7e84.c
8	103e90e0	FUN_103e90e0	24	direct_call_neighbor	0	0	1	0	1	2	1		functions/103e90e0_FUN_103e90e0.c
8	103e9104	FUN_103e9104	24	direct_call_neighbor	0	0	1	0	1	2	1		functions/103e9104_FUN_103e9104.c
8	103e9128	FUN_103e9128	24	direct_call_neighbor	0	0	1	0	1	2	1		functions/103e9128_FUN_103e9128.c
8	103e9370	FUN_103e9370	22	direct_call_neighbor	0	0	1	0	1	1	2		functions/103e9370_FUN_103e9370.c
8	103e938c	FUN_103e938c	22	direct_call_neighbor	0	0	1	0	1	1	2		functions/103e938c_FUN_103e938c.c
8	103ec6b0	FUN_103ec6b0	16	direct_call_neighbor	0	0	1	0	1	2	1		functions/103ec6b0_FUN_103ec6b0.c
8	103ec6e4	FUN_103ec6e4	26	direct_call_neighbor	0	0	1	0	1	5	1		functions/103ec6e4_FUN_103ec6e4.c
8	103ecb08	FUN_103ecb08	16	direct_call_neighbor	0	0	1	0	1	1	1		functions/103ecb08_FUN_103ecb08.c
8	103ecb54	FUN_103ecb54	16	direct_call_neighbor	0	0	1	0	1	1	1		functions/103ecb54_FUN_103ecb54.c
8	103fd240	FUN_103fd240	26	direct_call_neighbor	0	0	1	0	1	1	0		functions/103fd240_FUN_103fd240.c
8	103fd25a	FUN_103fd25a	26	direct_call_neighbor	0	0	1	0	1	1	0		functions/103fd25a_FUN_103fd25a.c
8	103fd520	FUN_103fd520	18	direct_call_neighbor	0	0	1	0	1	3	1		functions/103fd520_FUN_103fd520.c
8	103fe28a	FUN_103fe28a	30	direct_call_neighbor	0	0	1	0	1	3	2		functions/103fe28a_FUN_103fe28a.c
8	103fefc0	FUN_103fefc0	24	direct_call_neighbor	0	0	1	0	1	1	2		functions/103fefc0_FUN_103fefc0.c
8	103ff05c	FUN_103ff05c	22	direct_call_neighbor	0	0	1	0	1	1	0		functions/103ff05c_FUN_103ff05c.c
8	103ff072	FUN_103ff072	26	direct_call_neighbor	0	0	1	0	1	1	0		functions/103ff072_FUN_103ff072.c
7	101e5e9c	FUN_101e5e9c	12	direct_call_neighbor	0	0	1	0	1	1	1		functions/101e5e9c_FUN_101e5e9c.c
7	101e5eac	FUN_101e5eac	12	direct_call_neighbor	0	0	1	0	1	1	1		functions/101e5eac_FUN_101e5eac.c
7	1021e2aa	FUN_1021e2aa	12	direct_call_neighbor	0	0	1	0	1	1	1		functions/1021e2aa_FUN_1021e2aa.c
7	1025c694	FUN_1025c694	10	direct_call_neighbor	0	0	1	0	1	11	1		functions/1025c694_FUN_1025c694.c
7	10269870	FUN_10269870	12	direct_call_neighbor	0	0	1	0	1	10	1		functions/10269870_FUN_10269870.c
7	1026f75c	FUN_1026f75c	12	direct_call_neighbor	0	0	1	0	1	1	0		functions/1026f75c_FUN_1026f75c.c
7	1028dd0c	FUN_1028dd0c	14	direct_call_neighbor	0	0	1	0	1	2	1		functions/1028dd0c_FUN_1028dd0c.c
7	102afe88	FUN_102afe88	12	direct_call_neighbor	0	0	1	0	1	1	1		functions/102afe88_FUN_102afe88.c
7	102b9ae0	FUN_102b9ae0	10	direct_call_neighbor	0	0	1	0	1	21	0		functions/102b9ae0_FUN_102b9ae0.c
7	102b9aea	FUN_102b9aea	10	direct_call_neighbor	0	0	1	0	1	17	0		functions/102b9aea_FUN_102b9aea.c
7	102b9af4	FUN_102b9af4	8	direct_call_neighbor	0	0	1	0	1	26	0		functions/102b9af4_FUN_102b9af4.c
7	10308c58	FUN_10308c58	12	direct_call_neighbor	0	0	1	0	1	0	1		functions/10308c58_FUN_10308c58.c
7	103159d0	FUN_103159d0	14	direct_call_neighbor	0	0	1	0	1	38	0		functions/103159d0_FUN_103159d0.c
7	10318a64	FUN_10318a64	14	direct_call_neighbor	0	0	1	0	1	8	1		functions/10318a64_FUN_10318a64.c
7	1031ada8	FUN_1031ada8	10	direct_call_neighbor	0	0	1	0	1	20	0		functions/1031ada8_FUN_1031ada8.c
7	10323e94	FUN_10323e94	10	direct_call_neighbor	0	0	1	0	1	3	0		functions/10323e94_FUN_10323e94.c
7	103523da	FUN_103523da	10	direct_call_neighbor	0	0	1	0	1	29	1		functions/103523da_FUN_103523da.c
7	10352432	FUN_10352432	8	direct_call_neighbor	0	0	1	0	1	34	0		functions/10352432_FUN_10352432.c
7	103c506c	FUN_103c506c	14	direct_call_neighbor	0	0	1	0	1	1	1		functions/103c506c_FUN_103c506c.c
7	103c5ba4	FUN_103c5ba4	12	direct_call_neighbor	0	0	1	0	1	1	1		functions/103c5ba4_FUN_103c5ba4.c
7	103c5c58	FUN_103c5c58	14	direct_call_neighbor	0	0	1	0	1	1	1		functions/103c5c58_FUN_103c5c58.c
7	103c6f60	FUN_103c6f60	14	direct_call_neighbor	0	0	1	0	1	0	1		functions/103c6f60_FUN_103c6f60.c
7	103c743e	FUN_103c743e	12	direct_call_neighbor	0	0	1	0	1	1	1		functions/103c743e_FUN_103c743e.c
7	103c8818	FUN_103c8818	12	direct_call_neighbor	0	0	1	0	1	1	0		functions/103c8818_FUN_103c8818.c
7	103c9c78	FUN_103c9c78	12	direct_call_neighbor	0	0	1	0	1	1	1		functions/103c9c78_FUN_103c9c78.c
7	103cbe38	FUN_103cbe38	10	direct_call_neighbor	0	0	1	0	1	1	0		functions/103cbe38_FUN_103cbe38.c
7	103cbe48	FUN_103cbe48	12	direct_call_neighbor	0	0	1	0	1	1	0		functions/103cbe48_FUN_103cbe48.c
7	103ce4e4	FUN_103ce4e4	14	direct_call_neighbor	0	0	1	0	1	1	1		functions/103ce4e4_FUN_103ce4e4.c
7	103cf838	FUN_103cf838	12	semantic_review	1	0	1	0	1	1	0		functions/103cf838_FUN_103cf838.c
7	103d475c	FUN_103d475c	10	direct_call_neighbor	0	0	1	0	1	1	0		functions/103d475c_FUN_103d475c.c
7	103d488c	FUN_103d488c	8	direct_call_neighbor	0	0	1	0	1	1	0		functions/103d488c_FUN_103d488c.c
7	103d4f28	FUN_103d4f28	10	direct_call_neighbor	0	0	1	0	1	1	0		functions/103d4f28_FUN_103d4f28.c
7	103d99dc	FUN_103d99dc	10	direct_call_neighbor	0	0	1	0	1	0	1		functions/103d99dc_FUN_103d99dc.c
7	103dc3ac	FUN_103dc3ac	12	direct_call_neighbor	0	0	1	0	1	1	0		functions/103dc3ac_FUN_103dc3ac.c
7	103dcad4	FUN_103dcad4	10	direct_call_neighbor	0	0	1	0	1	0	1		functions/103dcad4_FUN_103dcad4.c
7	103e02a8	FUN_103e02a8	12	direct_call_neighbor	0	0	1	0	1	1	0		functions/103e02a8_FUN_103e02a8.c
7	103e2f04	FUN_103e2f04	10	direct_call_neighbor	0	0	1	0	1	1	0		functions/103e2f04_FUN_103e2f04.c
7	103e58ac	FUN_103e58ac	10	direct_call_neighbor	0	0	1	0	1	1	0		functions/103e58ac_FUN_103e58ac.c
7	103e58b6	FUN_103e58b6	12	direct_call_neighbor	0	0	1	0	1	1	0		functions/103e58b6_FUN_103e58b6.c
7	103e6780	FUN_103e6780	14	direct_call_neighbor	0	0	1	0	1	1	0		functions/103e6780_FUN_103e6780.c
7	103e9318	FUN_103e9318	10	direct_call_neighbor	0	0	1	0	1	1	1		functions/103e9318_FUN_103e9318.c
7	103e9322	FUN_103e9322	10	direct_call_neighbor	0	0	1	0	1	1	1		functions/103e9322_FUN_103e9322.c
7	103ec674	FUN_103ec674	14	direct_call_neighbor	0	0	1	0	1	5	1		functions/103ec674_FUN_103ec674.c
7	103ec698	FUN_103ec698	10	direct_call_neighbor	0	0	1	0	1	4	1		functions/103ec698_FUN_103ec698.c
7	103ec712	FUN_103ec712	14	direct_call_neighbor	0	0	1	0	1	4	1		functions/103ec712_FUN_103ec712.c
7	103fd2c8	FUN_103fd2c8	12	direct_call_neighbor	0	0	1	0	1	7	1		functions/103fd2c8_FUN_103fd2c8.c
7	103fe248	FUN_103fe248	14	direct_call_neighbor	0	0	1	0	1	6	0		functions/103fe248_FUN_103fe248.c
6	101c4b7c	FUN_101c4b7c	6	direct_call_neighbor	0	0	1	0	1	3	0		functions/101c4b7c_FUN_101c4b7c.c
6	101c4cdc	FUN_101c4cdc	6	direct_call_neighbor	0	0	1	0	1	3	0		functions/101c4cdc_FUN_101c4cdc.c
6	1024ec38	FUN_1024ec38	116	semantic_review,compat_trace	1	1	1	0	0	4	2		functions/1024ec38_FUN_1024ec38.c
6	1024ecb0	FUN_1024ecb0	68	semantic_review,compat_trace	1	1	1	0	0	2	0		functions/1024ecb0_FUN_1024ecb0.c
6	1024ee40	FUN_1024ee40	94	semantic_review	1	0	1	0	0	3	3		functions/1024ee40_FUN_1024ee40.c
6	10256ef4	FUN_10256ef4	64	semantic_review	1	0	1	0	0	2	2		functions/10256ef4_FUN_10256ef4.c
6	1025843c	FUN_1025843c	120	semantic_review	1	0	1	0	0	2	7		functions/1025843c_FUN_1025843c.c
6	103e57a0	FUN_103e57a0	78	semantic_review,compat_trace	1	1	1	0	0	1	0		functions/103e57a0_FUN_103e57a0.c
6	104012d0	thunk_EXT_FUN_00100870	4	direct_call_neighbor	0	0	1	0	1	3	0		functions/104012d0_thunk_EXT_FUN_00100870.c
6	10401428	thunk_EXT_FUN_0012b0a4	4	direct_call_neighbor	0	0	1	0	1	6	0		functions/10401428_thunk_EXT_FUN_0012b0a4.c
6	104015e0	thunk_EXT_FUN_0012a8e8	4	direct_call_neighbor	0	0	1	0	1	3	0		functions/104015e0_thunk_EXT_FUN_0012a8e8.c
5	10241cd2	FUN_10241cd2	46	semantic_review,compat_trace	1	1	1	0	0	0	0		functions/10241cd2_FUN_10241cd2.c
5	10241d18	FUN_10241d18	32	semantic_review,compat_trace	1	1	1	0	0	0	0		functions/10241d18_FUN_10241d18.c
5	10241d38	FUN_10241d38	32	semantic_review,compat_trace	1	1	1	0	0	0	0		functions/10241d38_FUN_10241d38.c
5	10241db2	FUN_10241db2	42	semantic_review,compat_trace	1	1	1	0	0	0	0		functions/10241db2_FUN_10241db2.c
5	10241e10	FUN_10241e10	32	semantic_review,compat_trace	1	1	1	0	0	0	0		functions/10241e10_FUN_10241e10.c
5	10241f76	FUN_10241f76	56	semantic_review,compat_trace	1	1	1	0	0	0	0		functions/10241f76_FUN_10241f76.c
5	10241fda	FUN_10241fda	40	semantic_review,compat_trace	1	1	1	0	0	0	0		functions/10241fda_FUN_10241fda.c
5	10242058	FUN_10242058	46	semantic_review,compat_trace	1	1	1	0	0	0	0		functions/10242058_FUN_10242058.c
5	1024c11c	FUN_1024c11c	50	semantic_review	1	0	1	0	0	2	2		functions/1024c11c_FUN_1024c11c.c
5	10256ec0	FUN_10256ec0	50	semantic_review	1	0	1	0	0	1	2		functions/10256ec0_FUN_10256ec0.c
5	1025703c	FUN_1025703c	60	semantic_review	1	0	1	0	0	2	1		functions/1025703c_FUN_1025703c.c
5	103e57f4	FUN_103e57f4	38	semantic_review,compat_trace	1	1	1	0	0	1	0		functions/103e57f4_FUN_103e57f4.c
4	10241c6c	FUN_10241c6c	30	semantic_review,compat_trace	1	1	1	0	0	0	0		functions/10241c6c_FUN_10241c6c.c
4	10241c8a	FUN_10241c8a	24	semantic_review,compat_trace	1	1	1	0	0	0	0		functions/10241c8a_FUN_10241c8a.c
4	10241ca2	FUN_10241ca2	24	semantic_review,compat_trace	1	1	1	0	0	0	0		functions/10241ca2_FUN_10241ca2.c
4	10241cba	FUN_10241cba	24	semantic_review,compat_trace	1	1	1	0	0	0	0		functions/10241cba_FUN_10241cba.c
4	10241d58	FUN_10241d58	26	semantic_review,compat_trace	1	1	1	0	0	0	0		functions/10241d58_FUN_10241d58.c
4	10241d72	FUN_10241d72	20	semantic_review,compat_trace	1	1	1	0	0	0	0		functions/10241d72_FUN_10241d72.c
4	10241d86	FUN_10241d86	24	semantic_review,compat_trace	1	1	1	0	0	0	0		functions/10241d86_FUN_10241d86.c
4	10241d9e	FUN_10241d9e	20	semantic_review,compat_trace	1	1	1	0	0	0	0		functions/10241d9e_FUN_10241d9e.c
4	10241df4	FUN_10241df4	28	semantic_review,compat_trace	1	1	1	0	0	0	0		functions/10241df4_FUN_10241df4.c
4	10241fae	FUN_10241fae	24	semantic_review,compat_trace	1	1	1	0	0	0	0		functions/10241fae_FUN_10241fae.c
4	10241fc6	FUN_10241fc6	20	semantic_review,compat_trace	1	1	1	0	0	0	0		functions/10241fc6_FUN_10241fc6.c
4	1024203c	FUN_1024203c	28	semantic_review,compat_trace	1	1	1	0	0	0	0		functions/1024203c_FUN_1024203c.c
4	10242086	FUN_10242086	28	semantic_review,compat_trace	1	1	1	0	0	0	0		functions/10242086_FUN_10242086.c
4	10256e28	FUN_10256e28	28	semantic_review	1	0	1	0	0	2	0		functions/10256e28_FUN_10256e28.c
2	10241d00	FUN_10241d00	6	semantic_review,compat_trace	1	1	1	0	0	0	0		functions/10241d00_FUN_10241d00.c
2	10241d0c	FUN_10241d0c	6	semantic_review,compat_trace	1	1	1	0	0	0	0		functions/10241d0c_FUN_10241d0c.c
2	10241ddc	FUN_10241ddc	6	semantic_review,compat_trace	1	1	1	0	0	0	0		functions/10241ddc_FUN_10241ddc.c
2	10241de8	FUN_10241de8	6	semantic_review,compat_trace	1	1	1	0	0	0	0		functions/10241de8_FUN_10241de8.c
